sequence_id,frame,WRIST_x,WRIST_y,WRIST_z,THUMB_CMC_x,THUMB_CMC_y,THUMB_CMC_z,THUMB_MCP_x,THUMB_MCP_y,THUMB_MCP_z,THUMB_IP_x,THUMB_IP_y,THUMB_IP_z,THUMB_TIP_x,THUMB_TIP_y,THUMB_TIP_z,INDEX_FINGER_MCP_x,INDEX_FINGER_MCP_y,INDEX_FINGER_MCP_z,INDEX_FINGER_PIP_x,INDEX_FINGER_PIP_y,INDEX_FINGER_PIP_z,INDEX_FINGER_DIP_x,INDEX_FINGER_DIP_y,INDEX_FINGER_DIP_z,INDEX_FINGER_TIP_x,INDEX_FINGER_TIP_y,INDEX_FINGER_TIP_z,MIDDLE_FINGER_MCP_x,MIDDLE_FINGER_MCP_y,MIDDLE_FINGER_MCP_z,MIDDLE_FINGER_PIP_x,MIDDLE_FINGER_PIP_y,MIDDLE_FINGER_PIP_z,MIDDLE_FINGER_DIP_x,MIDDLE_FINGER_DIP_y,MIDDLE_FINGER_DIP_z,MIDDLE_FINGER_TIP_x,MIDDLE_FINGER_TIP_y,MIDDLE_FINGER_TIP_z,RING_FINGER_MCP_x,RING_FINGER_MCP_y,RING_FINGER_MCP_z,RING_FINGER_PIP_x,RING_FINGER_PIP_y,RING_FINGER_PIP_z,RING_FINGER_DIP_x,RING_FINGER_DIP_y,RING_FINGER_DIP_z,RING_FINGER_TIP_x,RING_FINGER_TIP_y,RING_FINGER_TIP_z,PINKY_MCP_x,PINKY_MCP_y,PINKY_MCP_z,PINKY_PIP_x,PINKY_PIP_y,PINKY_PIP_z,PINKY_DIP_x,PINKY_DIP_y,PINKY_DIP_z,PINKY_TIP_x,PINKY_TIP_y,PINKY_TIP_z
default,0.0,393.0,458.0,3.5615508409136964e-07,435.0,469.0,-0.017411574721336365,482.0,464.0,-0.030682308599352837,519.0,463.0,-0.04598664492368698,551.0,461.0,-0.06276771426200867,503.0,408.0,-0.019312242045998573,541.0,393.0,-0.049255140125751495,567.0,390.0,-0.07410505414009094,590.0,392.0,-0.09094735980033875,491.0,391.0,-0.0320533886551857,528.0,358.0,-0.05962503328919411,559.0,343.0,-0.08393948525190353,588.0,336.0,-0.10132302343845367,470.0,381.0,-0.04846155270934105,500.0,343.0,-0.07662967592477798,525.0,327.0,-0.09482026845216751,549.0,318.0,-0.10651621967554092,443.0,379.0,-0.06663111597299576,460.0,340.0,-0.09217572957277298,477.0,319.0,-0.10340758413076401,494.0,304.0,-0.11039062589406967
default,0.0,392.0,427.0,6.983036655583419e-07,436.0,443.0,-0.0308950487524271,488.0,438.0,-0.04630851373076439,529.0,431.0,-0.06006558611989021,563.0,425.0,-0.07336654514074326,507.0,372.0,-0.024131497368216515,550.0,350.0,-0.051733750849962234,580.0,341.0,-0.07473186403512955,606.0,337.0,-0.08956993371248245,492.0,349.0,-0.027517927810549736,528.0,313.0,-0.049208614975214005,557.0,294.0,-0.06904232501983643,584.0,280.0,-0.08318721503019333,470.0,336.0,-0.03590426221489906,499.0,301.0,-0.05776664987206459,523.0,284.0,-0.07148022204637527,546.0,274.0,-0.08042620122432709,441.0,333.0,-0.047746289521455765,454.0,295.0,-0.06724473834037781,468.0,273.0,-0.07517972588539124,484.0,255.0,-0.07957153767347336
default,0.0,392.0,401.0,5.74240630157874e-07,438.0,414.0,-0.025208724662661552,491.0,405.0,-0.033765796571969986,531.0,394.0,-0.04177617281675339,562.0,386.0,-0.04902791976928711,505.0,336.0,-0.008755924180150032,547.0,311.0,-0.028062334284186363,574.0,300.0,-0.04580739885568619,597.0,292.0,-0.058184754103422165,489.0,313.0,-0.012501345947384834,522.0,274.0,-0.029193054884672165,548.0,253.0,-0.04661562666296959,572.0,238.0,-0.05905085802078247,468.0,301.0,-0.021197542548179626,496.0,263.0,-0.040667932480573654,521.0,245.0,-0.05455593392252922,544.0,234.0,-0.06340718269348145,441.0,297.0,-0.032872822135686874,454.0,259.0,-0.05192213132977486,469.0,239.0,-0.06095253676176071,488.0,225.0,-0.06587433069944382
default,0.0,391.0,400.0,5.200033683649963e-07,439.0,412.0,-0.02353198081254959,492.0,404.0,-0.03265245631337166,533.0,393.0,-0.04227608069777489,565.0,386.0,-0.0514192208647728,503.0,335.0,-0.00774718401953578,546.0,311.0,-0.028510721400380135,574.0,299.0,-0.047283999621868134,599.0,291.0,-0.060201361775398254,487.0,312.0,-0.012959991581737995,523.0,273.0,-0.03077634423971176,551.0,252.0,-0.048087287694215775,576.0,237.0,-0.06038035824894905,467.0,299.0,-0.023176683112978935,494.0,260.0,-0.04266355186700821,517.0,243.0,-0.05574435368180275,540.0,232.0,-0.06414750963449478,441.0,294.0,-0.03646575286984444,455.0,257.0,-0.05453461781144142,470.0,237.0,-0.06225847452878952,489.0,222.0,-0.06681038439273834
default,0.0,391.0,350.0,6.195098194439197e-07,432.0,359.0,-0.03557806462049484,476.0,351.0,-0.05188199132680893,512.0,341.0,-0.06394093483686447,543.0,333.0,-0.07620836794376373,479.0,277.0,-0.03447950631380081,516.0,248.0,-0.05629534646868706,541.0,230.0,-0.07443046569824219,561.0,215.0,-0.08715740591287613,460.0,256.0,-0.032777346670627594,492.0,214.0,-0.05097080022096634,515.0,186.0,-0.06793075054883957,535.0,165.0,-0.07990115880966187,435.0,246.0,-0.03490365669131279,465.0,203.0,-0.05525977164506912,487.0,177.0,-0.07220176607370377,507.0,156.0,-0.08323109894990921,407.0,245.0,-0.03972042724490166,417.0,207.0,-0.06240367516875267,429.0,184.0,-0.07394508272409439,442.0,165.0,-0.0799453854560852
default,0.0,371.0,361.0,6.692547458442277e-07,424.0,367.0,-0.024363262578845024,477.0,355.0,-0.029017573222517967,518.0,342.0,-0.03339313343167305,547.0,332.0,-0.0370735302567482,479.0,278.0,0.003949024714529514,517.0,250.0,-0.006976212840527296,542.0,232.0,-0.021637316793203354,563.0,218.0,-0.033685263246297836,460.0,258.0,0.0012484699254855514,492.0,214.0,-0.007740681059658527,515.0,186.0,-0.025047631934285164,535.0,164.0,-0.038412854075431824,438.0,249.0,-0.006408747751265764,466.0,204.0,-0.019609831273555756,487.0,178.0,-0.03631052002310753,506.0,156.0,-0.04811964929103851,410.0,248.0,-0.017079852521419525,418.0,211.0,-0.032850127667188644,426.0,188.0,-0.042763594537973404,437.0,168.0,-0.048634886741638184
default,0.0,361.0,351.0,4.955360282110632e-07,411.0,354.0,-0.02316288836300373,461.0,339.0,-0.031170427799224854,500.0,323.0,-0.039575304836034775,530.0,313.0,-0.0477047897875309,467.0,268.0,-0.0054321265779435635,503.0,235.0,-0.022623714059591293,527.0,216.0,-0.0400160513818264,547.0,201.0,-0.05247084051370621,446.0,247.0,-0.009839868173003197,477.0,200.0,-0.02302624098956585,498.0,173.0,-0.03827758878469467,515.0,151.0,-0.049139369279146194,421.0,237.0,-0.01870138756930828,448.0,192.0,-0.03323076665401459,469.0,165.0,-0.04514780268073082,488.0,143.0,-0.053515005856752396,391.0,236.0,-0.030559716746211052,399.0,199.0,-0.045505017042160034,409.0,176.0,-0.05102083832025528,422.0,159.0,-0.0536082424223423
default,0.0,348.0,346.0,4.365498114111688e-07,402.0,348.0,-0.01929282583296299,452.0,324.0,-0.022548692300915718,487.0,301.0,-0.026725994423031807,512.0,285.0,-0.03066219389438629,451.0,257.0,-0.0015257757622748613,487.0,221.0,-0.017433984205126762,511.0,202.0,-0.03297346457839012,530.0,187.0,-0.043931007385253906,429.0,237.0,-0.006594992242753506,459.0,189.0,-0.01915222965180874,481.0,161.0,-0.03355658799409866,498.0,139.0,-0.04384193196892738,405.0,229.0,-0.016085561364889145,429.0,181.0,-0.030079809948801994,449.0,150.0,-0.043422866612672806,467.0,126.0,-0.0530022457242012,376.0,230.0,-0.028147555887699127,380.0,189.0,-0.04336535185575485,388.0,163.0,-0.05112477391958237,399.0,141.0,-0.05566951259970665
default,0.0,338.0,340.0,4.6150989874149673e-07,392.0,340.0,-0.025599513202905655,440.0,318.0,-0.03223387151956558,471.0,290.0,-0.03859355300664902,499.0,271.0,-0.044515687972307205,437.0,246.0,-0.00563258770853281,473.0,211.0,-0.024248549714684486,496.0,191.0,-0.04208536073565483,516.0,174.0,-0.05475471913814545,414.0,226.0,-0.00882267951965332,443.0,177.0,-0.02443072386085987,464.0,148.0,-0.041284337639808655,481.0,124.0,-0.05315206199884415,389.0,218.0,-0.01694662682712078,414.0,171.0,-0.03491794690489769,434.0,141.0,-0.04896508902311325,453.0,118.0,-0.058318592607975006,359.0,219.0,-0.028116943314671516,365.0,179.0,-0.04707856848835945,375.0,154.0,-0.055315107107162476,389.0,135.0,-0.059437096118927
default,0.0,337.0,339.0,4.316700881190627e-07,389.0,340.0,-0.02359835058450699,440.0,316.0,-0.029043756425380707,471.0,289.0,-0.034558843821287155,498.0,272.0,-0.039722491055727005,437.0,247.0,-0.0024818924721330404,472.0,213.0,-0.019810030236840248,495.0,192.0,-0.03705121949315071,514.0,175.0,-0.04968991130590439,414.0,227.0,-0.00635632686316967,443.0,179.0,-0.021727221086621284,463.0,147.0,-0.03876146301627159,480.0,122.0,-0.051003217697143555,389.0,218.0,-0.01513019297271967,414.0,170.0,-0.033016908913850784,434.0,140.0,-0.04857100173830986,454.0,117.0,-0.05922389775514603,359.0,218.0,-0.026651587337255478,366.0,179.0,-0.04530007019639015,375.0,153.0,-0.054641976952552795,388.0,131.0,-0.06016849726438522
default,0.0,330.0,335.0,4.937962216899905e-07,381.0,333.0,-0.027190616354346275,429.0,306.0,-0.03558168187737465,462.0,277.0,-0.04325583204627037,490.0,258.0,-0.050698038190603256,425.0,239.0,-0.011976206675171852,461.0,203.0,-0.03410259634256363,485.0,183.0,-0.053527798503637314,505.0,166.0,-0.06696745753288269,402.0,220.0,-0.015480106696486473,431.0,169.0,-0.0345301553606987,452.0,138.0,-0.052686966955661774,471.0,113.0,-0.06521134823560715,376.0,213.0,-0.02390035055577755,399.0,163.0,-0.044600747525691986,421.0,132.0,-0.05991172790527344,443.0,109.0,-0.0698724314570427,347.0,216.0,-0.035300470888614655,352.0,174.0,-0.05643484741449356,362.0,149.0,-0.06583080440759659,376.0,127.0,-0.07080647349357605
default,0.0,321.0,331.0,5.393306423684407e-07,372.0,329.0,-0.031226081773638725,419.0,301.0,-0.04222480580210686,451.0,270.0,-0.05199623480439186,480.0,251.0,-0.06073126569390297,418.0,234.0,-0.010946380905807018,454.0,197.0,-0.03315342590212822,477.0,176.0,-0.0534798800945282,496.0,160.0,-0.06727829575538635,395.0,215.0,-0.011972506530582905,422.0,163.0,-0.02994294837117195,442.0,132.0,-0.04786812514066696,460.0,107.0,-0.060374666005373,369.0,207.0,-0.01857033371925354,389.0,157.0,-0.03710338845849037,407.0,127.0,-0.05060034245252609,426.0,103.0,-0.059322744607925415,339.0,210.0,-0.028794065117836,345.0,168.0,-0.04626380279660225,355.0,142.0,-0.05319858714938164,368.0,120.0,-0.05672930181026459
default,0.0,321.0,330.0,5.304775640979642e-07,373.0,328.0,-0.031140923500061035,420.0,301.0,-0.041897378861904144,451.0,270.0,-0.051463279873132706,479.0,250.0,-0.06028192490339279,418.0,234.0,-0.011984575539827347,453.0,197.0,-0.03466785326600075,475.0,175.0,-0.05495498701930046,495.0,158.0,-0.0689961314201355,394.0,215.0,-0.01303468830883503,421.0,164.0,-0.031963102519512177,442.0,132.0,-0.05015335604548454,460.0,107.0,-0.0629657581448555,367.0,207.0,-0.01956656388938427,388.0,158.0,-0.039012908935546875,406.0,127.0,-0.05288894474506378,424.0,104.0,-0.062039539217948914,338.0,210.0,-0.029686162248253822,343.0,169.0,-0.04805334284901619,354.0,144.0,-0.05590072646737099,368.0,122.0,-0.060291144996881485
default,0.0,313.0,324.0,5.350501055545465e-07,364.0,325.0,-0.03283950313925743,410.0,297.0,-0.04357270896434784,441.0,264.0,-0.052480850368738174,469.0,243.0,-0.06002185866236687,411.0,230.0,-0.012277874164283276,447.0,193.0,-0.03394920006394386,469.0,171.0,-0.05352455750107765,489.0,154.0,-0.0672893226146698,388.0,210.0,-0.011751257814466953,416.0,159.0,-0.029882386326789856,436.0,127.0,-0.04743088036775589,454.0,102.0,-0.059792451560497284,363.0,202.0,-0.016901981085538864,383.0,151.0,-0.03614524379372597,402.0,122.0,-0.050115011632442474,421.0,99.0,-0.05928118899464607,334.0,204.0,-0.025741327553987503,339.0,163.0,-0.04405944049358368,348.0,138.0,-0.052160102874040604,361.0,117.0,-0.0567195862531662
default,0.0,309.0,321.0,5.032483159084222e-07,359.0,321.0,-0.03180474415421486,405.0,291.0,-0.04171595722436905,435.0,257.0,-0.04984321817755699,463.0,236.0,-0.056942712515592575,405.0,226.0,-0.012536745518445969,440.0,189.0,-0.03401544317603111,462.0,167.0,-0.053060196340084076,482.0,149.0,-0.06667523831129074,382.0,206.0,-0.012658892199397087,410.0,156.0,-0.03171936050057411,431.0,124.0,-0.0494663305580616,449.0,100.0,-0.06181114539504051,357.0,198.0,-0.018311433494091034,379.0,148.0,-0.03911706805229187,398.0,118.0,-0.05407913029193878,418.0,95.0,-0.06379186362028122,329.0,201.0,-0.02738282084465027,334.0,160.0,-0.0477476492524147,344.0,135.0,-0.05753791332244873,358.0,114.0,-0.06322070956230164
default,0.0,303.0,318.0,4.989340709471435e-07,354.0,317.0,-0.03123488835990429,400.0,286.0,-0.040409717708826065,430.0,251.0,-0.04770992323756218,458.0,229.0,-0.05399752035737038,399.0,221.0,-0.012043680064380169,433.0,184.0,-0.03298887237906456,456.0,161.0,-0.05140991508960724,475.0,144.0,-0.06450426578521729,377.0,202.0,-0.01202953327447176,404.0,151.0,-0.030041558668017387,425.0,119.0,-0.046736180782318115,443.0,95.0,-0.058443181216716766,352.0,195.0,-0.01758754253387451,372.0,144.0,-0.037626489996910095,391.0,114.0,-0.052057795226573944,411.0,91.0,-0.061526138335466385,323.0,197.0,-0.026531768962740898,328.0,156.0,-0.04650790989398956,338.0,131.0,-0.056326497346162796,352.0,110.0,-0.06209990009665489
default,0.0,301.0,315.0,4.8935731911115e-07,351.0,312.0,-0.03129268065094948,396.0,282.0,-0.04061019420623779,424.0,246.0,-0.048057276755571365,451.0,223.0,-0.05458638444542885,394.0,216.0,-0.01281523983925581,426.0,178.0,-0.0344507209956646,448.0,155.0,-0.05311393365263939,467.0,137.0,-0.06630934029817581,371.0,197.0,-0.013222960755228996,396.0,146.0,-0.032084785401821136,416.0,113.0,-0.04921926558017731,434.0,88.0,-0.061218176037073135,346.0,192.0,-0.019242221489548683,364.0,140.0,-0.04005005210638046,383.0,110.0,-0.05513353645801544,402.0,85.0,-0.06509213149547577,318.0,195.0,-0.028650876134634018,322.0,154.0,-0.04944474995136261,332.0,129.0,-0.06008234620094299,346.0,106.0,-0.06650589406490326
default,0.0,301.0,316.0,4.865931941822055e-07,353.0,313.0,-0.030352629721164703,398.0,283.0,-0.04005343094468117,423.0,247.0,-0.0480923056602478,451.0,223.0,-0.055272895842790604,393.0,215.0,-0.011741227470338345,425.0,176.0,-0.03430243954062462,446.0,155.0,-0.053537677973508835,467.0,139.0,-0.0667574554681778,370.0,197.0,-0.012432200834155083,395.0,146.0,-0.03141092136502266,416.0,114.0,-0.04835537075996399,435.0,89.0,-0.06012427434325218,345.0,192.0,-0.018692202866077423,365.0,141.0,-0.0394696481525898,383.0,110.0,-0.053768787533044815,403.0,85.0,-0.0629996657371521,317.0,197.0,-0.028223594650626183,322.0,156.0,-0.04875247925519943,334.0,130.0,-0.05858940631151199,349.0,107.0,-0.06427150219678879
default,0.0,297.0,312.0,4.931486046189093e-07,348.0,310.0,-0.032496754080057144,393.0,281.0,-0.04238130897283554,420.0,245.0,-0.05047158524394035,446.0,222.0,-0.05764595791697502,386.0,213.0,-0.01188451424241066,418.0,174.0,-0.0334891714155674,439.0,150.0,-0.052344705909490585,458.0,131.0,-0.06586773693561554,363.0,196.0,-0.011957496404647827,387.0,143.0,-0.0313376747071743,405.0,110.0,-0.04945717006921768,421.0,84.0,-0.062278494238853455,338.0,190.0,-0.01784244365990162,356.0,139.0,-0.039416395127773285,373.0,108.0,-0.05532141402363777,391.0,83.0,-0.06588587164878845,311.0,194.0,-0.027245236560702324,314.0,154.0,-0.04878614470362663,323.0,129.0,-0.059972066432237625,337.0,106.0,-0.06685644388198853
default,0.0,296.0,313.0,5.055835572420619e-07,347.0,309.0,-0.03260631486773491,391.0,280.0,-0.042969223111867905,420.0,246.0,-0.05136967822909355,447.0,223.0,-0.05897184833884239,384.0,213.0,-0.012772669084370136,415.0,174.0,-0.034495797008275986,436.0,150.0,-0.05342641845345497,455.0,131.0,-0.06693051010370255,360.0,195.0,-0.012583923526108265,383.0,143.0,-0.032224394381046295,401.0,110.0,-0.050027187913656235,418.0,83.0,-0.062298186123371124,336.0,190.0,-0.018027128651738167,353.0,139.0,-0.039718784391880035,370.0,108.0,-0.05492456257343292,388.0,82.0,-0.06466207653284073,308.0,195.0,-0.026916662231087685,311.0,155.0,-0.04827842116355896,320.0,130.0,-0.05860517919063568,334.0,107.0,-0.06453248858451843
default,0.0,295.0,313.0,5.295315759212826e-07,346.0,311.0,-0.034782879054546356,390.0,282.0,-0.04604904726147652,418.0,247.0,-0.05494034290313721,446.0,224.0,-0.06286091357469559,382.0,213.0,-0.013849842362105846,413.0,174.0,-0.035689063370227814,434.0,151.0,-0.05481300130486488,454.0,132.0,-0.06853273510932922,358.0,195.0,-0.012658819556236267,381.0,143.0,-0.0323149710893631,398.0,110.0,-0.05017009750008583,414.0,83.0,-0.06252000480890274,333.0,191.0,-0.01732552796602249,351.0,139.0,-0.039266034960746765,368.0,108.0,-0.05457240715622902,387.0,82.0,-0.06433054059743881,306.0,195.0,-0.025643592700362206,308.0,156.0,-0.04749635234475136,317.0,130.0,-0.058149874210357666,330.0,108.0,-0.06421663612127304
default,0.0,295.0,314.0,5.351952268028981e-07,346.0,311.0,-0.034060847014188766,390.0,282.0,-0.04494104161858559,418.0,247.0,-0.053601182997226715,446.0,224.0,-0.061329420655965805,382.0,213.0,-0.013301299884915352,413.0,174.0,-0.03530024737119675,435.0,150.0,-0.05467526987195015,454.0,131.0,-0.06848236173391342,358.0,196.0,-0.01218887697905302,380.0,144.0,-0.03187362477183342,398.0,110.0,-0.04982982948422432,415.0,83.0,-0.06225626543164253,333.0,191.0,-0.016853949055075645,351.0,140.0,-0.03865785151720047,368.0,108.0,-0.05354851856827736,387.0,83.0,-0.0629272386431694,306.0,196.0,-0.025151880457997322,309.0,157.0,-0.04676612466573715,318.0,131.0,-0.05715174227952957,332.0,109.0,-0.0629587471485138
default,0.0,291.0,315.0,5.2363276381584e-07,342.0,312.0,-0.034055255353450775,386.0,284.0,-0.04486506059765816,413.0,247.0,-0.05341694876551628,439.0,223.0,-0.06089688092470169,379.0,214.0,-0.012284379452466965,411.0,175.0,-0.0336836501955986,432.0,152.0,-0.05277468264102936,452.0,133.0,-0.06652359664440155,356.0,197.0,-0.011313856579363346,378.0,144.0,-0.030186748132109642,396.0,111.0,-0.048016056418418884,412.0,84.0,-0.06054157391190529,331.0,192.0,-0.01618630439043045,348.0,140.0,-0.037369657307863235,366.0,109.0,-0.05257941782474518,385.0,83.0,-0.06249180808663368,303.0,196.0,-0.024674536660313606,305.0,157.0,-0.04606865718960762,314.0,131.0,-0.05647990480065346,326.0,109.0,-0.062456581741571426
default,0.0,275.0,324.0,4.359602598924539e-07,324.0,316.0,-0.032875534147024155,364.0,279.0,-0.04218568280339241,389.0,240.0,-0.049507029354572296,414.0,215.0,-0.05606507509946823,357.0,216.0,-0.01353420875966549,386.0,175.0,-0.03545748442411423,405.0,152.0,-0.05471208691596985,423.0,133.0,-0.06866385042667389,333.0,199.0,-0.013648202642798424,354.0,147.0,-0.0329594723880291,370.0,114.0,-0.05108247324824333,385.0,88.0,-0.06364938616752625,307.0,197.0,-0.01932791993021965,322.0,144.0,-0.04187430441379547,337.0,113.0,-0.05735072121024132,353.0,88.0,-0.06719350069761276,278.0,204.0,-0.02832183800637722,278.0,164.0,-0.05125635117292404,285.0,138.0,-0.061891037970781326,295.0,115.0,-0.06779371201992035
default,0.0,267.0,329.0,4.5843995621908107e-07,316.0,321.0,-0.033423397690057755,356.0,283.0,-0.04282038286328316,378.0,241.0,-0.050177767872810364,403.0,215.0,-0.05653854459524155,347.0,218.0,-0.009795580990612507,375.0,177.0,-0.030342474579811096,393.0,151.0,-0.04868486896157265,409.0,130.0,-0.06223168224096298,321.0,203.0,-0.008893515914678574,341.0,150.0,-0.02659781649708748,355.0,117.0,-0.043198831379413605,369.0,91.0,-0.054925572127103806,295.0,201.0,-0.014050815254449844,309.0,148.0,-0.0353095643222332,322.0,116.0,-0.04976237192749977,337.0,89.0,-0.05922834202647209,265.0,209.0,-0.02268817089498043,264.0,169.0,-0.04469969496130943,269.0,142.0,-0.0549149364233017,277.0,118.0,-0.06074484437704086
default,0.0,262.0,336.0,4.5772043222314096e-07,314.0,326.0,-0.03153116628527641,351.0,287.0,-0.03950318694114685,370.0,247.0,-0.04575051739811897,390.0,220.0,-0.05116685479879379,337.0,224.0,-0.011140532791614532,364.0,181.0,-0.032589659094810486,380.0,154.0,-0.051504652947187424,396.0,132.0,-0.06516026705503464,310.0,209.0,-0.011278847232460976,328.0,155.0,-0.03058464266359806,341.0,120.0,-0.04818382114171982,354.0,93.0,-0.06030593812465668,283.0,207.0,-0.01719404011964798,294.0,155.0,-0.03960384055972099,306.0,122.0,-0.05576474592089653,319.0,94.0,-0.06592500954866409,254.0,216.0,-0.02636055275797844,252.0,176.0,-0.04894581064581871,256.0,148.0,-0.06035264953970909,262.0,123.0,-0.06687916815280914
default,0.0,262.0,338.0,5.023828180128476e-07,313.0,328.0,-0.032113607972860336,353.0,289.0,-0.03985672816634178,372.0,247.0,-0.04522186145186424,393.0,218.0,-0.049383558332920074,338.0,223.0,-0.009493221528828144,364.0,180.0,-0.029287170618772507,380.0,153.0,-0.047177448868751526,396.0,131.0,-0.059811435639858246,310.0,208.0,-0.008032426238059998,326.0,154.0,-0.02471933141350746,339.0,120.0,-0.040549952536821365,352.0,93.0,-0.051468510180711746,282.0,206.0,-0.01233316957950592,292.0,154.0,-0.031983524560928345,304.0,121.0,-0.046096332371234894,318.0,95.0,-0.054901592433452606,253.0,215.0,-0.020042784512043,251.0,175.0,-0.03935645893216133,255.0,148.0,-0.048513416200876236,262.0,124.0,-0.05348284915089607
default,0.0,258.0,345.0,4.736500613944372e-07,308.0,333.0,-0.03395770862698555,344.0,294.0,-0.04387151449918747,361.0,253.0,-0.051476310938596725,381.0,224.0,-0.058164216578006744,327.0,229.0,-0.015629641711711884,352.0,186.0,-0.0388057641685009,369.0,159.0,-0.059111420065164566,385.0,137.0,-0.07339784502983093,299.0,215.0,-0.014885331504046917,314.0,160.0,-0.03395969793200493,325.0,125.0,-0.051189154386520386,336.0,97.0,-0.06334635615348816,272.0,215.0,-0.019918140023946762,281.0,162.0,-0.041291266679763794,290.0,130.0,-0.055893756449222565,302.0,102.0,-0.06539475917816162,242.0,225.0,-0.02852538600564003,238.0,187.0,-0.050012875348329544,240.0,159.0,-0.05999485403299332,245.0,134.0,-0.06560449302196503
default,0.0,251.0,354.0,4.759353657846077e-07,301.0,340.0,-0.0355994738638401,338.0,304.0,-0.04779593273997307,355.0,263.0,-0.057244542986154556,373.0,234.0,-0.06592897325754166,317.0,235.0,-0.022203613072633743,340.0,191.0,-0.04619902744889259,355.0,163.0,-0.06699897348880768,367.0,139.0,-0.08175697922706604,288.0,222.0,-0.02166263572871685,301.0,165.0,-0.040935393422842026,309.0,131.0,-0.05817802995443344,318.0,102.0,-0.07053662836551666,259.0,223.0,-0.026350438594818115,266.0,170.0,-0.047124117612838745,273.0,139.0,-0.06058930978178978,282.0,112.0,-0.06970701366662979,228.0,236.0,-0.03471671789884567,222.0,197.0,-0.055594466626644135,222.0,171.0,-0.06393592804670334,225.0,148.0,-0.06841373443603516
default,0.0,244.0,361.0,4.913925408800424e-07,294.0,345.0,-0.03546876087784767,329.0,308.0,-0.048643868416547775,346.0,266.0,-0.0592353418469429,363.0,236.0,-0.06932917982339859,305.0,241.0,-0.025244146585464478,327.0,196.0,-0.05040373653173447,340.0,167.0,-0.0711616799235344,351.0,143.0,-0.0857761800289154,275.0,229.0,-0.025372812524437904,285.0,171.0,-0.04604273661971092,293.0,136.0,-0.0638439729809761,300.0,108.0,-0.0765160322189331,245.0,232.0,-0.030453262850642204,248.0,178.0,-0.0524064302444458,254.0,146.0,-0.06638834625482559,263.0,119.0,-0.07597682625055313,215.0,246.0,-0.039028674364089966,205.0,209.0,-0.06130803003907204,205.0,184.0,-0.07021991163492203,208.0,161.0,-0.07501740753650665
default,0.0,244.0,362.0,5.252543360256823e-07,295.0,345.0,-0.032692406326532364,331.0,306.0,-0.043234266340732574,346.0,265.0,-0.051518455147743225,360.0,233.0,-0.059035513550043106,306.0,241.0,-0.01787792146205902,328.0,196.0,-0.04090898483991623,341.0,167.0,-0.06007067859172821,353.0,142.0,-0.07318383455276489,275.0,229.0,-0.01806090958416462,284.0,172.0,-0.036488134413957596,291.0,136.0,-0.05253484100103378,298.0,107.0,-0.06369321793317795,245.0,232.0,-0.02341274917125702,247.0,180.0,-0.04254366457462311,253.0,147.0,-0.0553634911775589,262.0,119.0,-0.06398387998342514,215.0,246.0,-0.03226417675614357,205.0,210.0,-0.050583355128765106,205.0,185.0,-0.05804138258099556,209.0,162.0,-0.06203174591064453
default,0.0,238.0,369.0,5.398354687713436e-07,287.0,350.0,-0.039265770465135574,321.0,311.0,-0.05411059781908989,337.0,269.0,-0.06599144637584686,351.0,235.0,-0.0772337019443512,294.0,244.0,-0.025078142061829567,314.0,197.0,-0.05111907422542572,325.0,169.0,-0.07315893471240997,335.0,144.0,-0.08870931714773178,262.0,234.0,-0.024006331339478493,269.0,176.0,-0.04533928260207176,273.0,140.0,-0.06503114849328995,279.0,111.0,-0.07927977293729782,232.0,238.0,-0.028551863506436348,232.0,186.0,-0.051701873540878296,236.0,153.0,-0.06756370514631271,243.0,125.0,-0.07844605296850204,202.0,255.0,-0.036922603845596313,191.0,219.0,-0.06052958592772484,190.0,195.0,-0.07067085057497025,194.0,173.0,-0.07632653415203094
default,0.0,220.0,380.0,5.622468393085001e-07,269.0,358.0,-0.03958951309323311,302.0,316.0,-0.05345798656344414,317.0,272.0,-0.06433462351560593,328.0,237.0,-0.07460953295230865,273.0,251.0,-0.026942944154143333,290.0,201.0,-0.052222251892089844,300.0,170.0,-0.07338922470808029,309.0,143.0,-0.08851758390665054,239.0,242.0,-0.025778060778975487,241.0,182.0,-0.04694617539644241,242.0,144.0,-0.06741504371166229,244.0,112.0,-0.08236000686883926,209.0,248.0,-0.029914047569036484,205.0,195.0,-0.05302944406867027,204.0,160.0,-0.07079072296619415,206.0,130.0,-0.08301109820604324,179.0,266.0,-0.03783666715025902,164.0,231.0,-0.06208623945713043,159.0,207.0,-0.07433842867612839,158.0,184.0,-0.08131105452775955
default,0.0,217.0,381.0,5.883700850972673e-07,269.0,359.0,-0.03960803523659706,303.0,318.0,-0.05344663932919502,316.0,275.0,-0.06410699337720871,324.0,239.0,-0.07395762205123901,270.0,250.0,-0.025354905053973198,287.0,202.0,-0.050734054297208786,296.0,170.0,-0.07213714718818665,304.0,142.0,-0.08762283623218536,236.0,242.0,-0.02434813790023327,237.0,182.0,-0.046887703239917755,238.0,143.0,-0.0671260878443718,239.0,108.0,-0.08140754699707031,205.0,249.0,-0.02879999205470085,200.0,195.0,-0.05245199054479599,200.0,159.0,-0.06894702464342117,202.0,127.0,-0.07981184870004654,175.0,267.0,-0.037115663290023804,162.0,231.0,-0.05919423699378967,159.0,206.0,-0.06885651499032974,159.0,182.0,-0.07437814772129059
default,0.0,217.0,382.0,5.8352435416964e-07,268.0,360.0,-0.03902412950992584,302.0,318.0,-0.052626144140958786,315.0,275.0,-0.06324455887079239,324.0,240.0,-0.07318266481161118,269.0,251.0,-0.024255655705928802,286.0,203.0,-0.05026734992861748,295.0,171.0,-0.07217448204755783,302.0,143.0,-0.08801808953285217,235.0,242.0,-0.02391076646745205,236.0,182.0,-0.04716895893216133,236.0,142.0,-0.06780066341161728,237.0,107.0,-0.08210505545139313,205.0,249.0,-0.029073070734739304,200.0,195.0,-0.05381575971841812,199.0,159.0,-0.0708506628870964,201.0,127.0,-0.08190944790840149,175.0,268.0,-0.03800136595964432,163.0,234.0,-0.06107776612043381,160.0,210.0,-0.07101700454950333,160.0,186.0,-0.0765652135014534
default,0.0,218.0,382.0,5.844458428327926e-07,268.0,360.0,-0.03913770988583565,302.0,318.0,-0.053035177290439606,315.0,275.0,-0.06396374106407166,324.0,240.0,-0.0741802453994751,269.0,251.0,-0.02454095333814621,285.0,203.0,-0.05088005214929581,294.0,171.0,-0.07301145792007446,302.0,143.0,-0.08894124627113342,235.0,242.0,-0.024249974638223648,236.0,182.0,-0.047567304223775864,236.0,143.0,-0.0682748332619667,237.0,108.0,-0.08270329236984253,205.0,249.0,-0.029481083154678345,200.0,195.0,-0.05419795960187912,199.0,159.0,-0.0711948573589325,201.0,127.0,-0.08232078701257706,175.0,268.0,-0.03851081803441048,162.0,234.0,-0.06158982217311859,159.0,210.0,-0.07153823971748352,160.0,187.0,-0.07713109254837036
default,0.0,214.0,388.0,6.296183983067749e-07,267.0,368.0,-0.04633845016360283,306.0,333.0,-0.06583217531442642,331.0,293.0,-0.08446473628282547,344.0,257.0,-0.1005346029996872,279.0,255.0,-0.02090574987232685,294.0,202.0,-0.04297959804534912,301.0,172.0,-0.05853544920682907,306.0,145.0,-0.06892599910497665,246.0,248.0,-0.017172591760754585,248.0,192.0,-0.04347730800509453,250.0,157.0,-0.06340354681015015,253.0,128.0,-0.07665057480335236,214.0,253.0,-0.020233681425452232,214.0,200.0,-0.05747448652982712,220.0,220.0,-0.06996085494756699,227.0,243.0,-0.07070159167051315,181.0,267.0,-0.027756262570619583,171.0,231.0,-0.05851280689239502,168.0,213.0,-0.0717257633805275,168.0,199.0,-0.07715111970901489
default,0.0,215.0,388.0,1.8809591040280793e-07,265.0,371.0,-0.037668656557798386,306.0,332.0,-0.054223544895648956,329.0,292.0,-0.07015180587768555,340.0,260.0,-0.08466937392950058,279.0,259.0,-0.017440050840377808,293.0,203.0,-0.0381852388381958,299.0,172.0,-0.05494488403201103,303.0,144.0,-0.06863561272621155,247.0,254.0,-0.017424121499061584,250.0,206.0,-0.06367472559213638,257.0,228.0,-0.09210819005966187,261.0,257.0,-0.10199739038944244,214.0,258.0,-0.02115543931722641,212.0,203.0,-0.05828427895903587,222.0,220.0,-0.069898821413517,230.0,245.0,-0.0701991617679596,182.0,269.0,-0.028581928461790085,170.0,232.0,-0.05324087291955948,168.0,209.0,-0.06579356640577316,169.0,190.0,-0.07194016873836517
default,0.0,216.0,390.0,1.4656252744771336e-07,265.0,374.0,-0.03493129834532738,307.0,331.0,-0.05128730461001396,329.0,292.0,-0.06697429716587067,337.0,262.0,-0.08019918948411942,276.0,264.0,-0.013719605281949043,291.0,212.0,-0.03426143527030945,296.0,183.0,-0.049372512847185135,300.0,156.0,-0.06220783293247223,244.0,257.0,-0.01538272388279438,257.0,215.0,-0.06833349913358688,265.0,249.0,-0.09437533468008041,269.0,286.0,-0.09935364872217178,212.0,258.0,-0.021040501073002815,214.0,204.0,-0.05695581063628197,224.0,221.0,-0.06384740024805069,232.0,245.0,-0.060761332511901855,181.0,268.0,-0.03052479214966297,169.0,230.0,-0.05016322806477547,169.0,209.0,-0.05820173770189285,172.0,190.0,-0.06173047795891762
default,0.0,219.0,391.0,-3.4906369705822726e-07,268.0,372.0,-0.031363748013973236,308.0,332.0,-0.04904138296842575,330.0,294.0,-0.06703983247280121,328.0,261.0,-0.07920107990503311,282.0,267.0,-0.017118997871875763,296.0,224.0,-0.06138036027550697,292.0,251.0,-0.08999845385551453,285.0,287.0,-0.09978137910366058,248.0,259.0,-0.019084710627794266,259.0,213.0,-0.06881479173898697,260.0,245.0,-0.09029911458492279,257.0,285.0,-0.09056873619556427,215.0,259.0,-0.028449565172195435,215.0,206.0,-0.061328157782554626,222.0,213.0,-0.06869037449359894,228.0,230.0,-0.06421367824077606,182.0,268.0,-0.04127731919288635,169.0,230.0,-0.056828007102012634,166.0,205.0,-0.062212806195020676,167.0,186.0,-0.062050942331552505
default,0.0,218.0,391.0,-1.0150057505597943e-07,265.0,375.0,-0.032416097819805145,304.0,337.0,-0.04844282940030098,327.0,300.0,-0.0636528730392456,323.0,267.0,-0.0750093162059784,274.0,276.0,-0.010952024720609188,291.0,250.0,-0.050777535885572433,290.0,268.0,-0.07920771837234497,284.0,295.0,-0.08924160152673721,245.0,264.0,-0.011618324555456638,255.0,217.0,-0.04653073102235794,257.0,226.0,-0.06262899935245514,257.0,249.0,-0.061696138232946396,213.0,260.0,-0.02022651396691799,212.0,216.0,-0.04466749355196953,218.0,200.0,-0.04880296811461449,224.0,194.0,-0.04325117543339729,182.0,267.0,-0.03294043242931366,167.0,229.0,-0.04375681281089783,162.0,204.0,-0.04183347523212433,162.0,183.0,-0.036139365285634995
default,0.0,221.0,390.0,3.1600791317032417e-07,267.0,377.0,-0.035247303545475006,308.0,342.0,-0.05300053581595421,335.0,307.0,-0.06956961005926132,328.0,278.0,-0.08250954747200012,274.0,276.0,-0.017896803095936775,291.0,244.0,-0.05891156941652298,291.0,260.0,-0.09168440103530884,285.0,285.0,-0.1054733619093895,241.0,261.0,-0.017300089821219444,250.0,207.0,-0.03569149598479271,256.0,177.0,-0.05082273110747337,262.0,150.0,-0.06096601113677025,209.0,259.0,-0.025034304708242416,209.0,210.0,-0.04310298711061478,212.0,182.0,-0.05354917049407959,217.0,159.0,-0.05912918597459793,178.0,269.0,-0.03705011308193207,164.0,230.0,-0.04746996983885765,156.0,205.0,-0.0470074862241745,154.0,182.0,-0.045702870935201645
default,0.0,222.0,391.0,4.864579068453168e-07,270.0,379.0,-0.03670373931527138,312.0,350.0,-0.057015057653188705,339.0,318.0,-0.07584629207849503,334.0,291.0,-0.09225505590438843,272.0,272.0,-0.03058060258626938,285.0,236.0,-0.06985975801944733,289.0,242.0,-0.10064805299043655,287.0,257.0,-0.11501210182905197,241.0,257.0,-0.03261759132146835,250.0,193.0,-0.05395045876502991,254.0,154.0,-0.07203984260559082,256.0,121.0,-0.08400370180606842,209.0,258.0,-0.041553717106580734,205.0,202.0,-0.06362836807966232,202.0,165.0,-0.08245319128036499,201.0,136.0,-0.09397216141223907,176.0,273.0,-0.05401540547609329,158.0,233.0,-0.07122883945703506,147.0,207.0,-0.07731164246797562,140.0,184.0,-0.08032830059528351
default,0.0,213.0,391.0,7.691902510487125e-07,260.0,379.0,-0.04745510220527649,298.0,354.0,-0.07457052171230316,325.0,330.0,-0.09818495810031891,356.0,323.0,-0.12048864364624023,272.0,259.0,-0.042992524802684784,294.0,208.0,-0.06912621855735779,305.0,174.0,-0.09082993865013123,313.0,146.0,-0.1073029637336731,238.0,249.0,-0.04108959063887596,241.0,189.0,-0.06257302314043045,240.0,151.0,-0.08088800311088562,239.0,121.0,-0.09439124912023544,205.0,254.0,-0.04437628388404846,199.0,198.0,-0.06653543561697006,195.0,161.0,-0.08446130901575089,191.0,130.0,-0.09692354500293732,174.0,273.0,-0.05231543630361557,151.0,237.0,-0.07491196691989899,137.0,212.0,-0.08626673370599747,126.0,188.0,-0.09274276345968246
default,0.0,211.0,392.0,7.307542091439245e-07,260.0,379.0,-0.04755624011158943,300.0,355.0,-0.07414207607507706,331.0,332.0,-0.09738697856664658,362.0,325.0,-0.11955831199884415,272.0,260.0,-0.04385268688201904,293.0,208.0,-0.07053913176059723,303.0,174.0,-0.09260829538106918,310.0,144.0,-0.1093255952000618,237.0,250.0,-0.042232394218444824,239.0,189.0,-0.06452832370996475,238.0,151.0,-0.08339598029851913,236.0,121.0,-0.09723322093486786,204.0,255.0,-0.04577522352337837,198.0,200.0,-0.06776762753725052,193.0,163.0,-0.08595767617225647,189.0,131.0,-0.09880149364471436,172.0,273.0,-0.054123155772686005,150.0,238.0,-0.07576841861009598,136.0,213.0,-0.08665145933628082,124.0,190.0,-0.09300544112920761
default,0.0,213.0,392.0,6.732085466865101e-07,262.0,378.0,-0.042107075452804565,302.0,352.0,-0.06506796181201935,332.0,328.0,-0.08571034669876099,361.0,318.0,-0.10587017238140106,273.0,260.0,-0.03917190432548523,293.0,207.0,-0.06473034620285034,303.0,174.0,-0.08598946779966354,309.0,145.0,-0.10222753137350082,237.0,251.0,-0.040023867040872574,239.0,189.0,-0.061916008591651917,238.0,151.0,-0.08116370439529419,235.0,121.0,-0.0954006239771843,204.0,256.0,-0.045610733330249786,197.0,200.0,-0.067977175116539,192.0,163.0,-0.08676589280366898,187.0,131.0,-0.10002609342336655,173.0,275.0,-0.05539220944046974,149.0,238.0,-0.07847067713737488,134.0,213.0,-0.09021898359060287,122.0,190.0,-0.09698698669672012
default,0.0,213.0,394.0,6.670196057712019e-07,264.0,379.0,-0.04414650797843933,305.0,350.0,-0.06615953892469406,334.0,322.0,-0.08504223078489304,362.0,305.0,-0.10319305956363678,273.0,261.0,-0.03940519317984581,293.0,208.0,-0.06448526680469513,303.0,175.0,-0.08529329299926758,309.0,145.0,-0.10112040489912033,237.0,252.0,-0.03836861997842789,239.0,190.0,-0.05977151170372963,239.0,152.0,-0.07842915505170822,236.0,121.0,-0.0921422690153122,203.0,257.0,-0.0423240065574646,197.0,201.0,-0.06468285620212555,192.0,164.0,-0.08283280581235886,188.0,132.0,-0.095488041639328,172.0,275.0,-0.050604112446308136,149.0,238.0,-0.07394759356975555,134.0,213.0,-0.08563143014907837,123.0,188.0,-0.09222059696912766
default,0.0,213.0,395.0,6.46719342967117e-07,265.0,379.0,-0.042231276631355286,308.0,346.0,-0.06207520142197609,337.0,314.0,-0.07892932742834091,365.0,295.0,-0.09513602405786514,272.0,261.0,-0.03600715100765228,292.0,208.0,-0.05986123904585838,302.0,174.0,-0.07985254377126694,308.0,145.0,-0.094948410987854,236.0,252.0,-0.035207752138376236,239.0,190.0,-0.055235061794519424,238.0,151.0,-0.07329880446195602,236.0,121.0,-0.08655843138694763,203.0,258.0,-0.03931695967912674,197.0,201.0,-0.0603775791823864,192.0,164.0,-0.07791728526353836,188.0,132.0,-0.09025535732507706,172.0,276.0,-0.04764574021100998,149.0,239.0,-0.06982605159282684,135.0,213.0,-0.08089520782232285,123.0,189.0,-0.0870903730392456
default,0.0,213.0,396.0,6.612090714952501e-07,266.0,378.0,-0.043484482914209366,309.0,344.0,-0.06337951868772507,337.0,310.0,-0.08014434576034546,365.0,290.0,-0.09593486785888672,271.0,261.0,-0.0336364321410656,291.0,207.0,-0.056442741304636,301.0,174.0,-0.07589557021856308,308.0,145.0,-0.09069134294986725,235.0,252.0,-0.032203733921051025,238.0,190.0,-0.05126688629388809,238.0,151.0,-0.06899625062942505,236.0,121.0,-0.08202575147151947,203.0,258.0,-0.03607042878866196,196.0,201.0,-0.057164859026670456,191.0,164.0,-0.07496292144060135,187.0,132.0,-0.08737925440073013,171.0,276.0,-0.044258516281843185,148.0,239.0,-0.06700628995895386,133.0,214.0,-0.07868760824203491,121.0,189.0,-0.08525214344263077
default,0.0,213.0,396.0,6.270977905842301e-07,267.0,379.0,-0.0436665378510952,310.0,343.0,-0.06318490207195282,337.0,308.0,-0.07929088175296783,364.0,284.0,-0.0945085808634758,271.0,261.0,-0.034885890781879425,291.0,208.0,-0.057149164378643036,300.0,174.0,-0.07560919225215912,306.0,145.0,-0.08977362513542175,235.0,253.0,-0.03308388590812683,237.0,190.0,-0.051714878529310226,236.0,152.0,-0.06849700212478638,233.0,122.0,-0.08100070059299469,202.0,258.0,-0.036532770842313766,195.0,201.0,-0.05755271762609482,190.0,164.0,-0.07490169256925583,186.0,132.0,-0.08720166981220245,171.0,276.0,-0.04426652938127518,145.0,239.0,-0.06768202036619186,130.0,213.0,-0.07983772456645966,118.0,188.0,-0.08675090223550797
default,0.0,214.0,397.0,5.712864776796778e-07,267.0,378.0,-0.04100228473544121,310.0,339.0,-0.058014705777168274,338.0,301.0,-0.07184338569641113,364.0,274.0,-0.08512607961893082,270.0,261.0,-0.033159613609313965,290.0,208.0,-0.05557287856936455,300.0,175.0,-0.07422900944948196,306.0,145.0,-0.08893563598394394,235.0,253.0,-0.03267457336187363,236.0,190.0,-0.05252135172486305,236.0,152.0,-0.07047324627637863,233.0,122.0,-0.0839558094739914,203.0,259.0,-0.037206489592790604,196.0,201.0,-0.05990525335073471,191.0,163.0,-0.07858403027057648,187.0,130.0,-0.09192225337028503,173.0,278.0,-0.04561900720000267,150.0,240.0,-0.07113921642303467,135.0,213.0,-0.08480014652013779,123.0,187.0,-0.09290401637554169
default,0.0,220.0,396.0,5.405468641583866e-07,271.0,375.0,-0.040454525500535965,310.0,332.0,-0.05523974820971489,329.0,291.0,-0.06697607040405273,348.0,261.0,-0.07831890881061554,272.0,260.0,-0.031937699764966965,289.0,207.0,-0.057545099407434464,298.0,174.0,-0.0781639963388443,305.0,145.0,-0.09346898645162582,236.0,254.0,-0.031699057668447495,234.0,191.0,-0.05467914044857025,232.0,151.0,-0.07495766878128052,229.0,120.0,-0.08901209384202957,206.0,264.0,-0.036468833684921265,197.0,208.0,-0.06132187694311142,190.0,169.0,-0.08065513521432877,186.0,135.0,-0.09373412281274796,179.0,287.0,-0.045027490705251694,161.0,253.0,-0.07122661173343658,149.0,230.0,-0.08416423201560974,140.0,207.0,-0.09130021184682846
default,0.0,220.0,397.0,6.053232368685713e-07,273.0,377.0,-0.03377584367990494,308.0,332.0,-0.04209434613585472,322.0,289.0,-0.04769567772746086,330.0,257.0,-0.054925426840782166,271.0,260.0,-0.028527207672595978,286.0,207.0,-0.04874774068593979,295.0,174.0,-0.06485214084386826,302.0,143.0,-0.07703917473554611,236.0,257.0,-0.031646937131881714,228.0,191.0,-0.05132513493299484,223.0,151.0,-0.07225418835878372,219.0,115.0,-0.08678894490003586,206.0,269.0,-0.037946417927742004,196.0,226.0,-0.07013716548681259,193.0,199.0,-0.09546221047639847,191.0,172.0,-0.11133108288049698,180.0,294.0,-0.04642987623810768,177.0,277.0,-0.07983575016260147,189.0,294.0,-0.08931282162666321,201.0,312.0,-0.09276500344276428
default,0.0,220.0,396.0,6.129673693067161e-07,273.0,377.0,-0.032860517501831055,305.0,332.0,-0.04205814749002457,316.0,290.0,-0.04855022579431534,332.0,258.0,-0.05639855936169624,272.0,260.0,-0.028751859441399574,287.0,207.0,-0.05054159462451935,296.0,173.0,-0.06647282838821411,301.0,142.0,-0.07834972441196442,237.0,257.0,-0.03230305016040802,228.0,191.0,-0.05515475198626518,223.0,151.0,-0.07648050040006638,220.0,115.0,-0.09038465470075607,206.0,270.0,-0.03886238485574722,196.0,228.0,-0.07420210540294647,195.0,202.0,-0.09822936356067657,194.0,176.0,-0.11163622885942459,181.0,296.0,-0.04722776636481285,177.0,279.0,-0.08137013763189316,189.0,294.0,-0.08979871869087219,201.0,310.0,-0.09171830862760544
default,0.0,219.0,396.0,6.255110633901495e-07,273.0,375.0,-0.028536485508084297,305.0,330.0,-0.03544285520911217,314.0,291.0,-0.04313940554857254,321.0,266.0,-0.05030759796500206,272.0,260.0,-0.018766604363918304,289.0,208.0,-0.04190424084663391,298.0,175.0,-0.05852942913770676,303.0,146.0,-0.07153452187776566,237.0,256.0,-0.024885110557079315,231.0,191.0,-0.054204151034355164,227.0,149.0,-0.07736285030841827,223.0,116.0,-0.09242581576108932,206.0,270.0,-0.034299902617931366,198.0,220.0,-0.07769831269979477,212.0,232.0,-0.09288663417100906,223.0,246.0,-0.09508591145277023,178.0,296.0,-0.04567691311240196,177.0,275.0,-0.08809614926576614,193.0,291.0,-0.09903525561094284,207.0,309.0,-0.09984108060598373
default,0.0,220.0,394.0,5.296524250297807e-07,273.0,372.0,-0.025174980983138084,305.0,330.0,-0.030163438990712166,320.0,294.0,-0.03831639140844345,316.0,276.0,-0.04619358107447624,275.0,258.0,-0.009263896383345127,291.0,206.0,-0.0306529738008976,299.0,176.0,-0.04661175608634949,304.0,146.0,-0.059137143194675446,241.0,252.0,-0.016880149021744728,233.0,190.0,-0.046039681881666183,231.0,153.0,-0.06599344313144684,226.0,120.0,-0.07880000025033951,209.0,262.0,-0.028546065092086792,201.0,210.0,-0.07227609306573868,218.0,242.0,-0.07830595225095749,227.0,272.0,-0.07109888643026352,177.0,283.0,-0.042554181069135666,173.0,243.0,-0.0782909020781517,185.0,255.0,-0.08044721931219101,192.0,273.0,-0.07474850118160248
default,0.0,219.0,397.0,4.5232960133034794e-07,274.0,377.0,-0.027094805613160133,309.0,333.0,-0.031729720532894135,330.0,296.0,-0.03833480551838875,318.0,277.0,-0.04295964539051056,277.0,260.0,-0.0087421964854002,292.0,201.0,-0.026797626167535782,300.0,172.0,-0.03722537308931351,303.0,145.0,-0.04425152391195297,242.0,254.0,-0.013588606379926205,232.0,194.0,-0.04262419417500496,231.0,159.0,-0.05837047100067139,227.0,127.0,-0.06707234680652618,211.0,263.0,-0.023421429097652435,203.0,210.0,-0.06020630523562431,216.0,254.0,-0.059027209877967834,226.0,285.0,-0.04868752136826515,179.0,282.0,-0.037175193428993225,167.0,247.0,-0.06361416727304459,160.0,224.0,-0.07065228372812271,156.0,196.0,-0.07301592826843262
default,0.0,215.0,396.0,5.281939365886501e-07,269.0,380.0,-0.0378984659910202,308.0,344.0,-0.0516483448445797,335.0,307.0,-0.06668487191200256,323.0,290.0,-0.08027953654527664,278.0,258.0,-0.013722180388867855,288.0,203.0,-0.03508378937840462,294.0,174.0,-0.04938511922955513,297.0,146.0,-0.058970578014850616,243.0,254.0,-0.0164980236440897,237.0,198.0,-0.04770767316222191,236.0,167.0,-0.06700253486633301,235.0,139.0,-0.07777657359838486,211.0,262.0,-0.025655051693320274,200.0,215.0,-0.07006296515464783,212.0,250.0,-0.08010470867156982,224.0,280.0,-0.07557867467403412,177.0,279.0,-0.0388423353433609,162.0,245.0,-0.0695112869143486,152.0,223.0,-0.08109918981790543,148.0,200.0,-0.08594641834497452
default,0.0,221.0,399.0,1.4653166147127195e-07,268.0,382.0,-0.030933396890759468,309.0,344.0,-0.04830416291952133,335.0,307.0,-0.0667480006814003,316.0,297.0,-0.0845310240983963,276.0,254.0,-0.012186406180262566,283.0,202.0,-0.028577320277690887,288.0,172.0,-0.03928334265947342,290.0,147.0,-0.04899301007390022,241.0,253.0,-0.018755558878183365,245.0,202.0,-0.062086865305900574,254.0,240.0,-0.08233492821455002,259.0,272.0,-0.084506556391716,208.0,261.0,-0.028375059366226196,202.0,210.0,-0.06531798094511032,218.0,239.0,-0.07048379629850388,228.0,267.0,-0.06492772698402405,176.0,278.0,-0.04139930382370949,154.0,239.0,-0.06267046183347702,150.0,218.0,-0.06986669450998306,148.0,197.0,-0.07294503599405289
default,0.0,222.0,400.0,1.5284827270534151e-07,271.0,385.0,-0.034981850534677505,314.0,341.0,-0.05230540409684181,337.0,303.0,-0.06813734024763107,312.0,297.0,-0.08172707259654999,274.0,266.0,-0.012699311599135399,278.0,220.0,-0.034584350883960724,282.0,191.0,-0.05144938826560974,286.0,168.0,-0.06451461464166641,240.0,261.0,-0.01779930479824543,243.0,213.0,-0.0721559002995491,252.0,247.0,-0.0939742773771286,260.0,288.0,-0.09097476303577423,206.0,265.0,-0.028059035539627075,201.0,215.0,-0.06077820435166359,207.0,205.0,-0.06866644322872162,216.0,203.0,-0.0651424452662468,174.0,279.0,-0.042645953595638275,157.0,242.0,-0.053636327385902405,151.0,219.0,-0.054963838309049606,152.0,198.0,-0.05443719029426575
default,0.0,224.0,398.0,2.8397374762789696e-07,270.0,384.0,-0.03649576008319855,314.0,341.0,-0.0550558902323246,338.0,303.0,-0.07163581997156143,311.0,298.0,-0.0859367772936821,274.0,265.0,-0.012998731806874275,277.0,220.0,-0.03410613536834717,281.0,191.0,-0.050088196992874146,286.0,168.0,-0.06206221878528595,239.0,260.0,-0.016609538346529007,243.0,214.0,-0.06843601167201996,252.0,247.0,-0.08949745446443558,261.0,288.0,-0.08594116568565369,205.0,264.0,-0.025242768228054047,201.0,216.0,-0.05668747425079346,208.0,207.0,-0.06392418593168259,218.0,209.0,-0.05925091728568077,174.0,277.0,-0.03823961317539215,157.0,240.0,-0.04954354465007782,152.0,218.0,-0.051152706146240234,154.0,199.0,-0.049725402146577835
default,0.0,226.0,395.0,-1.455794347293704e-07,270.0,379.0,-0.031466078013181686,311.0,342.0,-0.05269543081521988,335.0,311.0,-0.07525167614221573,314.0,299.0,-0.0913425162434578,278.0,261.0,-0.0071713426150381565,294.0,223.0,-0.05583436042070389,294.0,252.0,-0.08848781883716583,291.0,288.0,-0.09900014847517014,245.0,255.0,-0.012431802228093147,251.0,208.0,-0.06217186525464058,256.0,234.0,-0.0787767842411995,264.0,268.0,-0.07040981203317642,211.0,258.0,-0.026979172602295876,209.0,211.0,-0.05824674293398857,216.0,197.0,-0.05952417477965355,228.0,191.0,-0.04701346904039383,181.0,271.0,-0.04616246372461319,166.0,236.0,-0.05677616223692894,163.0,214.0,-0.051821138709783554,167.0,198.0,-0.040817439556121826
default,0.0,221.0,398.0,5.8148490467146985e-08,267.0,384.0,-0.03224124014377594,309.0,344.0,-0.0455297976732254,330.0,309.0,-0.059992365539073944,302.0,297.0,-0.06919258087873459,276.0,266.0,-0.0010394545970484614,292.0,229.0,-0.04351453110575676,292.0,249.0,-0.07765303552150726,289.0,282.0,-0.09066376835107803,244.0,256.0,-0.001906362478621304,244.0,206.0,-0.02313194051384926,249.0,189.0,-0.0368722528219223,257.0,193.0,-0.040944572538137436,215.0,260.0,-0.012570340186357498,214.0,213.0,-0.032077606767416,219.0,191.0,-0.039299312978982925,231.0,184.0,-0.03833650052547455,187.0,276.0,-0.028093621134757996,180.0,243.0,-0.04056289419531822,174.0,220.0,-0.04207220673561096,174.0,207.0,-0.03830954059958458
default,0.0,220.0,399.0,5.992318818925924e-08,266.0,387.0,-0.03492936119437218,309.0,345.0,-0.05020376667380333,331.0,309.0,-0.06665327399969101,301.0,298.0,-0.07787325233221054,279.0,267.0,-0.0030980261508375406,294.0,230.0,-0.04826434329152107,292.0,249.0,-0.08400772511959076,288.0,283.0,-0.09798447042703629,246.0,256.0,-0.0040513924323022366,245.0,204.0,-0.02839832752943039,250.0,189.0,-0.04319832846522331,258.0,194.0,-0.04747479781508446,215.0,260.0,-0.015412616543471813,215.0,213.0,-0.03742033243179321,220.0,189.0,-0.0455385185778141,230.0,181.0,-0.04497982934117317,187.0,276.0,-0.03199749067425728,179.0,242.0,-0.04664181172847748,174.0,219.0,-0.049982812255620956,175.0,205.0,-0.04755231365561485
default,0.0,237.0,384.0,4.175093408775865e-07,273.0,375.0,-0.035892609506845474,309.0,341.0,-0.04996425285935402,323.0,306.0,-0.06008873134851456,301.0,287.0,-0.07325063645839691,282.0,290.0,-0.035565949976444244,288.0,258.0,-0.059375062584877014,287.0,235.0,-0.08220303058624268,284.0,215.0,-0.0995023176074028,253.0,285.0,-0.035407163202762604,254.0,246.0,-0.05747020244598389,255.0,218.0,-0.08123036473989487,253.0,196.0,-0.10030863434076309,226.0,291.0,-0.03848780319094658,224.0,251.0,-0.0650818943977356,226.0,234.0,-0.08417843282222748,225.0,223.0,-0.09703682363033295,197.0,307.0,-0.04413304105401039,194.0,273.0,-0.07079517841339111,200.0,267.0,-0.08159177750349045,205.0,268.0,-0.08816340565681458
default,0.0,222.0,396.0,8.919205640722794e-08,266.0,380.0,-0.02672646939754486,305.0,343.0,-0.04303695261478424,327.0,305.0,-0.061894457787275314,296.0,292.0,-0.07766891270875931,279.0,268.0,-0.00947094801813364,289.0,227.0,-0.04590331390500069,295.0,243.0,-0.07215508818626404,295.0,272.0,-0.0828857421875,247.0,260.0,-0.014702416956424713,240.0,200.0,-0.03510871157050133,253.0,192.0,-0.043175362050533295,263.0,194.0,-0.0478687584400177,219.0,267.0,-0.02710665576159954,217.0,213.0,-0.0561707578599453,234.0,238.0,-0.05559876561164856,243.0,267.0,-0.04996660351753235,190.0,284.0,-0.042841099202632904,199.0,247.0,-0.06611625105142593,211.0,267.0,-0.06179026514291763,216.0,294.0,-0.055027201771736145
default,0.0,227.0,396.0,-2.3447852015578974e-07,272.0,378.0,-0.01964191347360611,309.0,337.0,-0.03393935412168503,325.0,297.0,-0.05016732215881348,297.0,283.0,-0.0620255172252655,281.0,265.0,-0.020411664620041847,286.0,209.0,-0.06424286961555481,298.0,239.0,-0.08831120282411575,295.0,268.0,-0.09610296785831451,249.0,268.0,-0.031216416507959366,246.0,199.0,-0.07284581661224365,263.0,239.0,-0.08293607085943222,265.0,268.0,-0.07881055027246475,218.0,280.0,-0.04660256206989288,223.0,241.0,-0.08829374611377716,241.0,284.0,-0.07779084891080856,242.0,307.0,-0.05850498005747795,188.0,299.0,-0.06371735781431198,199.0,271.0,-0.08631373196840286,215.0,298.0,-0.07039393484592438,215.0,315.0,-0.052348218858242035
default,0.0,225.0,395.0,-2.515271262382157e-07,271.0,374.0,-0.02726210653781891,310.0,338.0,-0.04875126853585243,328.0,299.0,-0.07364112138748169,302.0,277.0,-0.09586377441883087,281.0,271.0,-0.01817929930984974,282.0,214.0,-0.06057267636060715,290.0,220.0,-0.08176276087760925,291.0,248.0,-0.08608964830636978,249.0,275.0,-0.022612759843468666,259.0,237.0,-0.07051382213830948,262.0,287.0,-0.07699648290872574,259.0,320.0,-0.06683079153299332,219.0,282.0,-0.0333331897854805,230.0,259.0,-0.07782061398029327,233.0,301.0,-0.06415040791034698,230.0,327.0,-0.0407792367041111,187.0,292.0,-0.046892330050468445,199.0,268.0,-0.0694899633526802,207.0,295.0,-0.05212055519223213,207.0,315.0,-0.031049160286784172
default,0.0,226.0,397.0,-1.1813449418696109e-07,272.0,376.0,-0.026967322453856468,312.0,340.0,-0.04857432842254639,334.0,303.0,-0.07480749487876892,313.0,276.0,-0.09886317700147629,281.0,273.0,-0.012998691760003567,278.0,217.0,-0.05307209491729736,285.0,205.0,-0.06975074857473373,287.0,226.0,-0.06950796395540237,249.0,275.0,-0.017552629113197327,258.0,240.0,-0.06403490900993347,258.0,289.0,-0.06617036461830139,256.0,318.0,-0.05059479922056198,219.0,280.0,-0.02873966470360756,226.0,257.0,-0.07504479587078094,230.0,301.0,-0.05814886838197708,227.0,326.0,-0.02999301254749298,187.0,288.0,-0.04281586408615112,190.0,256.0,-0.06744719296693802,200.0,282.0,-0.048442304134368896,203.0,304.0,-0.023859171196818352
default,0.0,228.0,395.0,-4.554271129109111e-07,270.0,376.0,-0.029489262029528618,310.0,339.0,-0.04896010085940361,332.0,304.0,-0.07266475260257721,316.0,276.0,-0.09044904261827469,278.0,263.0,-0.014279444701969624,284.0,214.0,-0.06560005247592926,288.0,249.0,-0.09042824804782867,284.0,284.0,-0.09312093257904053,246.0,262.0,-0.018566220998764038,255.0,229.0,-0.06893307715654373,258.0,286.0,-0.07701242715120316,254.0,315.0,-0.06635807454586029,214.0,265.0,-0.03133590146899223,221.0,236.0,-0.07627806812524796,228.0,284.0,-0.06572748720645905,226.0,312.0,-0.04199392348527908,182.0,272.0,-0.04734497517347336,180.0,228.0,-0.0674181878566742,191.0,248.0,-0.05205171927809715,195.0,270.0,-0.030398741364479065
default,0.0,224.0,397.0,-4.1161271724377e-07,269.0,377.0,-0.02801225706934929,309.0,341.0,-0.04572409763932228,333.0,303.0,-0.06462831795215607,320.0,276.0,-0.07840876281261444,276.0,279.0,-0.01852664165198803,291.0,237.0,-0.06128598377108574,290.0,269.0,-0.08930310606956482,281.0,305.0,-0.09845293313264847,246.0,270.0,-0.02070244401693344,259.0,222.0,-0.05976150557398796,260.0,253.0,-0.07536980509757996,255.0,288.0,-0.07507827877998352,215.0,266.0,-0.02939838543534279,221.0,211.0,-0.05400409176945686,227.0,227.0,-0.05398890748620033,230.0,253.0,-0.04611600562930107,183.0,271.0,-0.04184560850262642,172.0,229.0,-0.051784809678792953,172.0,211.0,-0.05135654658079147,174.0,202.0,-0.047236621379852295
default,0.0,226.0,396.0,-3.9087623804334726e-07,270.0,377.0,-0.02854466252028942,308.0,340.0,-0.045703791081905365,330.0,306.0,-0.063911072909832,318.0,278.0,-0.07677453756332397,279.0,277.0,-0.019023975357413292,293.0,237.0,-0.0609063021838665,290.0,270.0,-0.08798255026340485,282.0,305.0,-0.0968911200761795,248.0,268.0,-0.020481625571846962,262.0,222.0,-0.0597565583884716,261.0,256.0,-0.07516418397426605,257.0,292.0,-0.07469873130321503,216.0,265.0,-0.028375498950481415,223.0,211.0,-0.05462004244327545,229.0,230.0,-0.05531061440706253,231.0,259.0,-0.04734598100185394,183.0,270.0,-0.03986119478940964,173.0,227.0,-0.05210862308740616,174.0,211.0,-0.05271916836500168,177.0,206.0,-0.04871079698204994
default,0.0,221.0,399.0,2.435332646655297e-07,265.0,384.0,-0.04175179451704025,304.0,350.0,-0.06220221519470215,323.0,314.0,-0.08033177256584167,318.0,284.0,-0.09421680122613907,278.0,284.0,-0.02599700726568699,291.0,258.0,-0.067665696144104,285.0,284.0,-0.0999767854809761,274.0,311.0,-0.1141088455915451,246.0,267.0,-0.023439204320311546,258.0,217.0,-0.0429873988032341,264.0,186.0,-0.058893974870443344,270.0,156.0,-0.06966199725866318,214.0,266.0,-0.02967729978263378,214.0,213.0,-0.05161411687731743,214.0,179.0,-0.06811809539794922,215.0,149.0,-0.0776289850473404,183.0,278.0,-0.039990272372961044,170.0,239.0,-0.05598021671175957,164.0,214.0,-0.06035609170794487,161.0,191.0,-0.06197238713502884
default,0.0,220.0,399.0,6.799845095883938e-07,264.0,389.0,-0.0474444217979908,301.0,358.0,-0.0690101832151413,318.0,324.0,-0.08531700074672699,336.0,300.0,-0.1000182032585144,276.0,281.0,-0.040741629898548126,295.0,239.0,-0.0709737166762352,303.0,214.0,-0.0950353816151619,307.0,196.0,-0.10960322618484497,243.0,266.0,-0.03668665885925293,252.0,203.0,-0.059925299137830734,257.0,162.0,-0.07759884744882584,259.0,129.0,-0.08772671967744827,212.0,268.0,-0.038560651242733,210.0,210.0,-0.063882976770401,209.0,172.0,-0.08301788568496704,209.0,141.0,-0.09361567348241806,180.0,284.0,-0.04438606649637222,166.0,247.0,-0.06834546476602554,157.0,221.0,-0.07880615442991257,151.0,198.0,-0.0832071378827095
default,0.0,215.0,404.0,6.497110121017613e-07,264.0,391.0,-0.0440555065870285,310.0,358.0,-0.06447601318359375,345.0,331.0,-0.08127297461032867,376.0,318.0,-0.0974862277507782,273.0,272.0,-0.03476375341415405,288.0,216.0,-0.05772312730550766,295.0,181.0,-0.07700484991073608,301.0,151.0,-0.09145825356245041,239.0,264.0,-0.03165477141737938,242.0,207.0,-0.04969233646988869,244.0,177.0,-0.06492053717374802,248.0,153.0,-0.0759497880935669,206.0,269.0,-0.0340878963470459,206.0,211.0,-0.05360517278313637,204.0,175.0,-0.06732999533414841,204.0,145.0,-0.07704465836286545,175.0,286.0,-0.04094601795077324,159.0,248.0,-0.0586887001991272,151.0,224.0,-0.06449892371892929,145.0,202.0,-0.06759785860776901
default,0.0,219.0,406.0,6.759066764061572e-07,273.0,389.0,-0.04829582944512367,317.0,353.0,-0.07008371502161026,351.0,319.0,-0.08789148926734924,383.0,300.0,-0.10523030906915665,273.0,273.0,-0.042239971458911896,286.0,217.0,-0.06794346868991852,293.0,182.0,-0.08825408667325974,298.0,152.0,-0.10317977517843246,236.0,267.0,-0.037858251482248306,234.0,206.0,-0.059248730540275574,231.0,169.0,-0.07756468653678894,227.0,139.0,-0.09068088233470917,203.0,273.0,-0.038810670375823975,194.0,216.0,-0.060986313968896866,186.0,182.0,-0.07769372314214706,181.0,153.0,-0.08919781446456909,173.0,291.0,-0.044477641582489014,151.0,256.0,-0.06639119237661362,137.0,234.0,-0.0771816074848175,127.0,212.0,-0.08308389782905579
default,0.0,220.0,406.0,6.552797344738792e-07,273.0,389.0,-0.04331055283546448,320.0,350.0,-0.06180694326758385,354.0,317.0,-0.07717714458703995,386.0,300.0,-0.09219056367874146,273.0,274.0,-0.03769230470061302,289.0,219.0,-0.061297643929719925,298.0,185.0,-0.07985600084066391,305.0,156.0,-0.09357572346925735,237.0,266.0,-0.03539549559354782,236.0,204.0,-0.054473876953125,235.0,166.0,-0.07008016854524612,233.0,138.0,-0.08129160106182098,205.0,272.0,-0.038230039179325104,196.0,215.0,-0.059263985604047775,188.0,180.0,-0.07557225972414017,182.0,151.0,-0.08675283193588257,176.0,291.0,-0.045435089617967606,152.0,255.0,-0.06720089912414551,136.0,234.0,-0.07792298495769501,123.0,213.0,-0.0839533805847168
default,0.0,225.0,405.0,6.288679514909745e-07,275.0,388.0,-0.04127287492156029,324.0,350.0,-0.05894329398870468,359.0,319.0,-0.07393387705087662,390.0,304.0,-0.08867733925580978,279.0,274.0,-0.0360209196805954,296.0,220.0,-0.05952156335115433,305.0,186.0,-0.07778526842594147,312.0,158.0,-0.09110627323389053,243.0,266.0,-0.03509610518813133,242.0,204.0,-0.05435283109545708,240.0,167.0,-0.06983581930398941,238.0,139.0,-0.08080419898033142,210.0,272.0,-0.039212971925735474,201.0,215.0,-0.0603424496948719,194.0,181.0,-0.07665025442838669,189.0,152.0,-0.08779033273458481,180.0,290.0,-0.047579389065504074,155.0,255.0,-0.06950552761554718,138.0,233.0,-0.08021537214517593,124.0,212.0,-0.0862257331609726
default,0.0,229.0,405.0,5.914296821174503e-07,281.0,388.0,-0.040727321058511734,329.0,351.0,-0.05833219736814499,363.0,319.0,-0.07320820540189743,394.0,304.0,-0.08814691752195358,284.0,275.0,-0.03765774890780449,301.0,220.0,-0.06117819622159004,310.0,187.0,-0.07917964458465576,316.0,159.0,-0.09265713393688202,248.0,267.0,-0.03700889274477959,247.0,205.0,-0.057019006460905075,245.0,168.0,-0.07334908843040466,243.0,139.0,-0.08528051525354385,215.0,273.0,-0.04114191606640816,206.0,216.0,-0.06348345428705215,199.0,181.0,-0.08111636340618134,194.0,151.0,-0.09335464984178543,185.0,291.0,-0.04925543814897537,159.0,256.0,-0.07284478843212128,141.0,233.0,-0.08487541228532791,127.0,211.0,-0.09188861399888992
default,0.0,233.0,406.0,5.864877152816916e-07,284.0,389.0,-0.03925462067127228,330.0,352.0,-0.056084614247083664,364.0,320.0,-0.07062319666147232,394.0,304.0,-0.08515983819961548,288.0,275.0,-0.033620864152908325,304.0,221.0,-0.056069716811180115,313.0,188.0,-0.07376357167959213,320.0,160.0,-0.08711977303028107,251.0,267.0,-0.0336330309510231,252.0,205.0,-0.052624162286520004,251.0,168.0,-0.06890269368886948,249.0,140.0,-0.08086807280778885,219.0,273.0,-0.0385136641561985,211.0,216.0,-0.060087159276008606,205.0,181.0,-0.07795187085866928,201.0,151.0,-0.09054353833198547,189.0,291.0,-0.047297973185777664,164.0,256.0,-0.07054359465837479,146.0,234.0,-0.08281529694795609,132.0,211.0,-0.0901494100689888
default,0.0,235.0,405.0,5.881195761503477e-07,286.0,388.0,-0.03785094991326332,332.0,351.0,-0.05380479618906975,366.0,318.0,-0.0674026682972908,395.0,301.0,-0.08097236603498459,290.0,275.0,-0.03377232328057289,307.0,221.0,-0.055781248956918716,317.0,188.0,-0.07308957725763321,324.0,160.0,-0.08615683764219284,254.0,267.0,-0.03402798995375633,254.0,205.0,-0.0527077354490757,254.0,168.0,-0.06854717433452606,253.0,140.0,-0.08028537780046463,221.0,273.0,-0.03890999034047127,213.0,216.0,-0.059974316507577896,208.0,181.0,-0.07732588797807693,205.0,152.0,-0.08953411132097244,192.0,290.0,-0.0475233756005764,166.0,255.0,-0.07040292024612427,148.0,232.0,-0.08246635645627975,135.0,210.0,-0.08961179852485657
default,0.0,259.0,390.0,6.075133001104405e-07,296.0,372.0,-0.0433826670050621,326.0,330.0,-0.05932538956403732,350.0,297.0,-0.06995434314012527,374.0,277.0,-0.08140956610441208,288.0,268.0,-0.046045053750276566,297.0,220.0,-0.0675748884677887,303.0,188.0,-0.08501184731721878,307.0,161.0,-0.09956557303667068,254.0,265.0,-0.0444253534078598,245.0,206.0,-0.06324250251054764,239.0,169.0,-0.08432458341121674,235.0,139.0,-0.10056958347558975,225.0,280.0,-0.046455465257167816,210.0,229.0,-0.07345335930585861,200.0,192.0,-0.09871090203523636,192.0,162.0,-0.11579529941082001,201.0,307.0,-0.051276594400405884,191.0,278.0,-0.08055230230093002,183.0,259.0,-0.09693264961242676,175.0,241.0,-0.10673876851797104
default,0.0,240.0,402.0,4.034552603116026e-07,288.0,379.0,-0.0279653649777174,324.0,332.0,-0.037958960980176926,350.0,294.0,-0.04754475876688957,372.0,271.0,-0.058180566877126694,289.0,266.0,-0.024670938029885292,298.0,213.0,-0.0466943122446537,303.0,181.0,-0.06491179019212723,306.0,153.0,-0.0793176144361496,255.0,266.0,-0.030649328604340553,247.0,206.0,-0.05202077329158783,242.0,168.0,-0.07224967330694199,238.0,136.0,-0.08713912963867188,227.0,279.0,-0.04035022109746933,216.0,224.0,-0.0662778690457344,209.0,187.0,-0.087208092212677,202.0,154.0,-0.10180093348026276,205.0,303.0,-0.05246894061565399,196.0,272.0,-0.07873044162988663,188.0,255.0,-0.09146622568368912,181.0,239.0,-0.09925846010446548
default,0.0,239.0,398.0,4.969270435140061e-07,282.0,372.0,-0.035887740552425385,312.0,326.0,-0.05042961984872818,330.0,286.0,-0.06572763621807098,350.0,255.0,-0.07845444977283478,283.0,265.0,-0.030199306085705757,284.0,212.0,-0.06083938106894493,285.0,180.0,-0.07533084601163864,286.0,151.0,-0.08149614185094833,248.0,266.0,-0.032936446368694305,239.0,217.0,-0.07363572716712952,236.0,185.0,-0.09307733923196793,234.0,161.0,-0.09705939888954163,219.0,277.0,-0.04025276005268097,240.0,283.0,-0.09961840510368347,265.0,318.0,-0.11195891350507736,282.0,346.0,-0.09979121387004852,195.0,297.0,-0.05011168122291565,219.0,309.0,-0.09280622750520706,241.0,336.0,-0.09844633936882019,256.0,359.0,-0.08879758417606354
default,0.0,237.0,396.0,-9.52759933170455e-08,282.0,363.0,-0.017967313528060913,305.0,310.0,-0.028165316209197044,312.0,266.0,-0.04054475948214531,324.0,234.0,-0.05170929431915283,274.0,261.0,-0.027156926691532135,276.0,213.0,-0.055323898792266846,276.0,181.0,-0.0685073658823967,276.0,153.0,-0.07744190841913223,241.0,261.0,-0.03360326960682869,274.0,266.0,-0.08115997165441513,282.0,304.0,-0.08932960033416748,280.0,327.0,-0.08461466431617737,215.0,274.0,-0.04230707511305809,254.0,296.0,-0.09123624861240387,259.0,333.0,-0.0851585641503334,255.0,350.0,-0.06917007267475128,193.0,292.0,-0.052665773779153824,229.0,313.0,-0.08536044508218765,239.0,341.0,-0.0822330042719841,239.0,354.0,-0.07145833224058151
default,0.0,228.0,401.0,-6.794603564230783e-07,280.0,359.0,-0.021871721372008324,302.0,307.0,-0.03258718177676201,306.0,262.0,-0.044748157262802124,306.0,224.0,-0.051629483699798584,260.0,254.0,-0.015594661235809326,297.0,253.0,-0.05817835032939911,301.0,295.0,-0.0788014754652977,297.0,320.0,-0.08590865135192871,231.0,258.0,-0.020029643550515175,277.0,271.0,-0.0641438364982605,277.0,317.0,-0.07289114594459534,269.0,340.0,-0.06930111348628998,207.0,272.0,-0.03069433383643627,254.0,294.0,-0.07457147538661957,252.0,333.0,-0.07138323038816452,244.0,349.0,-0.05774655565619469,186.0,291.0,-0.0434781052172184,225.0,308.0,-0.06830964982509613,231.0,337.0,-0.06433935463428497,227.0,347.0,-0.054097842425107956
default,0.0,234.0,397.0,-4.882300004283024e-07,281.0,360.0,-0.017473449930548668,297.0,306.0,-0.025507178157567978,296.0,262.0,-0.03427208587527275,298.0,225.0,-0.038139693439006805,253.0,256.0,-0.011977370828390121,295.0,259.0,-0.05119561031460762,293.0,299.0,-0.07064436376094818,284.0,322.0,-0.07776094973087311,225.0,261.0,-0.0166740994900465,275.0,274.0,-0.05314972251653671,273.0,316.0,-0.05726737901568413,263.0,334.0,-0.052640195935964584,203.0,275.0,-0.027179602533578873,253.0,293.0,-0.06505456566810608,253.0,332.0,-0.057457298040390015,245.0,346.0,-0.04313252121210098,185.0,296.0,-0.039373837411403656,225.0,308.0,-0.06208017095923424,232.0,337.0,-0.055401407182216644,228.0,348.0,-0.04386918619275093
default,0.0,232.0,393.0,-5.196162078391353e-07,279.0,359.0,-0.015986185520887375,297.0,306.0,-0.022887760773301125,298.0,263.0,-0.030345620587468147,298.0,227.0,-0.033858396112918854,251.0,253.0,-0.008976468816399574,294.0,260.0,-0.042034003883600235,292.0,298.0,-0.059748001396656036,282.0,320.0,-0.06765220314264297,224.0,258.0,-0.013756033964455128,275.0,274.0,-0.04415624216198921,274.0,315.0,-0.048049621284008026,264.0,333.0,-0.04519863799214363,202.0,274.0,-0.02364443615078926,251.0,291.0,-0.05634704977273941,252.0,328.0,-0.04913049936294556,243.0,342.0,-0.03720461204648018,184.0,297.0,-0.03517045080661774,225.0,307.0,-0.05621020868420601,231.0,335.0,-0.049800679087638855,225.0,345.0,-0.039427563548088074
default,0.0,232.0,393.0,-5.45961825082486e-07,278.0,357.0,-0.013137119822204113,294.0,305.0,-0.019742891192436218,296.0,262.0,-0.027870269492268562,299.0,226.0,-0.03205190226435661,250.0,253.0,-0.00435407692566514,293.0,260.0,-0.038692209869623184,291.0,299.0,-0.05803021416068077,280.0,320.0,-0.06728408485651016,223.0,258.0,-0.011198736727237701,275.0,273.0,-0.04277544468641281,274.0,314.0,-0.04767405986785889,263.0,331.0,-0.045516837388277054,202.0,274.0,-0.023238519206643105,252.0,290.0,-0.05674562603235245,252.0,328.0,-0.049170464277267456,242.0,340.0,-0.03698210045695305,185.0,297.0,-0.0367610789835453,226.0,306.0,-0.057551756501197815,231.0,333.0,-0.05054619535803795,223.0,343.0,-0.03994377329945564
default,0.0,232.0,393.0,-5.457742986436642e-07,278.0,358.0,-0.013790133409202099,295.0,305.0,-0.020641464740037918,296.0,263.0,-0.028971342369914055,299.0,226.0,-0.033264487981796265,251.0,253.0,-0.0041479673236608505,294.0,259.0,-0.039387963712215424,292.0,298.0,-0.0594901517033577,281.0,319.0,-0.06899064779281616,224.0,258.0,-0.010681345127522945,276.0,273.0,-0.04307942092418671,274.0,314.0,-0.04853876307606697,264.0,331.0,-0.04640894755721092,202.0,273.0,-0.022599797695875168,252.0,290.0,-0.05671757459640503,252.0,328.0,-0.0495317205786705,242.0,341.0,-0.03724115714430809,184.0,296.0,-0.0360686369240284,226.0,306.0,-0.05706191807985306,231.0,333.0,-0.050307195633649826,223.0,342.0,-0.03966706246137619
default,0.0,236.0,393.0,-5.341489099919272e-07,281.0,360.0,-0.013880048878490925,298.0,307.0,-0.020902318879961967,300.0,264.0,-0.029245784506201744,304.0,228.0,-0.03347725048661232,253.0,253.0,-0.005074087530374527,297.0,260.0,-0.03804301843047142,296.0,298.0,-0.05574653297662735,286.0,318.0,-0.06377144902944565,226.0,258.0,-0.011335746385157108,279.0,274.0,-0.04119594767689705,278.0,314.0,-0.04512079432606697,267.0,330.0,-0.042411211878061295,204.0,274.0,-0.022638872265815735,255.0,291.0,-0.05575894936919212,256.0,328.0,-0.04784736782312393,247.0,341.0,-0.035299014300107956,187.0,298.0,-0.035296566784381866,228.0,306.0,-0.05597805604338646,235.0,333.0,-0.04811958968639374,228.0,343.0,-0.036617498844861984
default,0.0,234.0,395.0,-5.547890964407998e-07,281.0,362.0,-0.014801994897425175,300.0,309.0,-0.02228129282593727,302.0,267.0,-0.03105478547513485,306.0,231.0,-0.035534098744392395,257.0,254.0,-0.004356595687568188,301.0,260.0,-0.03911818191409111,300.0,298.0,-0.05848504975438118,289.0,318.0,-0.0675467997789383,230.0,259.0,-0.010437401942908764,282.0,274.0,-0.042602602392435074,281.0,315.0,-0.04781634733080864,269.0,331.0,-0.04527572914958,207.0,274.0,-0.021882975473999977,257.0,291.0,-0.055802248418331146,258.0,329.0,-0.04826786741614342,249.0,341.0,-0.035616613924503326,189.0,297.0,-0.03498155251145363,230.0,308.0,-0.05544417351484299,236.0,335.0,-0.048447154462337494,229.0,344.0,-0.03750685229897499
default,0.0,236.0,396.0,-5.341785254131537e-07,282.0,364.0,-0.015320896171033382,302.0,311.0,-0.022916490212082863,304.0,268.0,-0.031518515199422836,307.0,232.0,-0.0353156179189682,259.0,256.0,-0.006579114589840174,302.0,259.0,-0.04121457412838936,300.0,298.0,-0.058626528829336166,289.0,320.0,-0.06573373824357986,231.0,260.0,-0.012653747573494911,283.0,273.0,-0.04490330070257187,282.0,316.0,-0.048996709287166595,270.0,332.0,-0.045356232672929764,208.0,275.0,-0.02400410920381546,257.0,290.0,-0.05882839858531952,259.0,329.0,-0.0502389594912529,248.0,342.0,-0.036441370844841,190.0,298.0,-0.03677627816796303,230.0,306.0,-0.057836372405290604,237.0,334.0,-0.049298424273729324,229.0,344.0,-0.03696126490831375
default,0.0,238.0,397.0,-4.991704258827667e-07,283.0,365.0,-0.01554555632174015,303.0,310.0,-0.02341536246240139,306.0,268.0,-0.03171665593981743,312.0,233.0,-0.03475038334727287,256.0,257.0,-0.01205489132553339,302.0,256.0,-0.044374529272317886,303.0,297.0,-0.05697226524353027,291.0,319.0,-0.061041977256536484,229.0,262.0,-0.01859862171113491,282.0,269.0,-0.05056867375969887,284.0,314.0,-0.05192491412162781,272.0,331.0,-0.04629610478878021,207.0,278.0,-0.02974781207740307,257.0,285.0,-0.06526266038417816,260.0,327.0,-0.05439893901348114,249.0,341.0,-0.03911936283111572,188.0,301.0,-0.04194311797618866,230.0,303.0,-0.06431441009044647,238.0,332.0,-0.05409622937440872,230.0,343.0,-0.04047872871160507
default,0.0,243.0,395.0,-4.2879244688265317e-07,282.0,357.0,-0.01177313830703497,299.0,303.0,-0.021148325875401497,307.0,264.0,-0.03194540739059448,317.0,231.0,-0.037368983030319214,248.0,256.0,-0.015842415392398834,299.0,252.0,-0.04714348539710045,305.0,292.0,-0.056387219578027725,292.0,309.0,-0.05943772569298744,224.0,264.0,-0.026636239141225815,282.0,267.0,-0.05888369306921959,289.0,311.0,-0.05936047062277794,273.0,321.0,-0.05481956526637077,206.0,283.0,-0.04088876396417618,258.0,284.0,-0.07765582203865051,266.0,325.0,-0.06506438553333282,252.0,334.0,-0.05002383142709732,190.0,308.0,-0.05563722178339958,232.0,306.0,-0.0796404629945755,243.0,332.0,-0.06811436265707016,233.0,341.0,-0.05417593568563461
default,0.0,221.0,396.0,-3.074224252941349e-07,264.0,355.0,-0.011370147578418255,287.0,313.0,-0.024154353886842728,302.0,285.0,-0.038871828466653824,316.0,265.0,-0.050361745059490204,243.0,256.0,-0.019863493740558624,298.0,265.0,-0.0513920895755291,305.0,287.0,-0.07189998775720596,292.0,294.0,-0.08624745905399323,226.0,276.0,-0.03071299009025097,286.0,294.0,-0.061598893254995346,292.0,316.0,-0.07352988421916962,277.0,320.0,-0.08207892626523972,215.0,305.0,-0.04404392093420029,271.0,325.0,-0.07091382890939713,277.0,344.0,-0.06942440569400787,264.0,346.0,-0.06735531240701675,210.0,336.0,-0.05937056615948677,259.0,353.0,-0.07640349864959717,265.0,365.0,-0.07594737410545349,254.0,365.0,-0.07409244030714035
default,0.0,225.0,397.0,-2.4600032588750764e-07,264.0,353.0,-0.0069637605920434,282.0,305.0,-0.016921313479542732,290.0,270.0,-0.028904685750603676,298.0,246.0,-0.03732846677303314,243.0,255.0,-0.019315240904688835,303.0,266.0,-0.04680466651916504,303.0,284.0,-0.062486447393894196,286.0,286.0,-0.07426061481237411,227.0,275.0,-0.031001435592770576,294.0,295.0,-0.0569370798766613,289.0,312.0,-0.06382142752408981,269.0,311.0,-0.07045813649892807,217.0,304.0,-0.044622719287872314,278.0,324.0,-0.06754662841558456,276.0,341.0,-0.06337173283100128,260.0,339.0,-0.06139224395155907,212.0,336.0,-0.0598117932677269,264.0,352.0,-0.07657476514577866,263.0,362.0,-0.0764724388718605,248.0,359.0,-0.07576388120651245
default,0.0,205.0,384.0,-3.4900546097560436e-07,221.0,334.0,-0.012909349985420704,244.0,280.0,-0.027994772419333458,255.0,239.0,-0.042667973786592484,252.0,201.0,-0.05493027716875076,240.0,277.0,-0.05182058364152908,316.0,277.0,-0.0840170606970787,314.0,296.0,-0.0969206765294075,295.0,301.0,-0.10450661182403564,239.0,308.0,-0.06295835971832275,322.0,308.0,-0.08503735810518265,314.0,323.0,-0.08212710171937943,297.0,328.0,-0.08477184921503067,243.0,341.0,-0.07517235726118088,319.0,342.0,-0.09242793917655945,306.0,353.0,-0.0808701291680336,289.0,353.0,-0.07687556743621826,250.0,372.0,-0.08899734914302826,312.0,373.0,-0.09642427414655685,301.0,377.0,-0.08958463370800018,282.0,376.0,-0.08806160092353821
default,0.0,203.0,391.0,-4.7484468268521596e-07,215.0,344.0,-0.016276855021715164,248.0,287.0,-0.030033284798264503,269.0,244.0,-0.041771337389945984,273.0,207.0,-0.04929868131875992,264.0,290.0,-0.04990837350487709,333.0,296.0,-0.08025524020195007,320.0,311.0,-0.09217024594545364,298.0,311.0,-0.09816370159387589,267.0,323.0,-0.05842195451259613,341.0,330.0,-0.07841172069311142,319.0,339.0,-0.07509797066450119,295.0,338.0,-0.07548949867486954,270.0,358.0,-0.06802061945199966,338.0,363.0,-0.08271355926990509,315.0,368.0,-0.06963104009628296,292.0,365.0,-0.06355682760477066,274.0,392.0,-0.0789254829287529,325.0,392.0,-0.0839930847287178,307.0,393.0,-0.07252135127782822,286.0,391.0,-0.06650673598051071
default,0.0,205.0,391.0,-2.887915684368636e-07,218.0,340.0,-0.009866143576800823,250.0,283.0,-0.02780800126492977,269.0,240.0,-0.04491021856665611,271.0,205.0,-0.057337235659360886,267.0,289.0,-0.051678694784641266,336.0,296.0,-0.08013878762722015,322.0,309.0,-0.09016918390989304,299.0,310.0,-0.09414126724004745,270.0,323.0,-0.062296170741319656,344.0,327.0,-0.08154597133398056,324.0,336.0,-0.07614031434059143,297.0,336.0,-0.07357023656368256,273.0,359.0,-0.0725022703409195,340.0,360.0,-0.08510370552539825,319.0,366.0,-0.06665636599063873,295.0,365.0,-0.05607980862259865,275.0,394.0,-0.08302460610866547,328.0,390.0,-0.08575799316167831,310.0,392.0,-0.06814610958099365,287.0,391.0,-0.05714104324579239
default,0.0,204.0,390.0,-2.894834949529468e-07,217.0,339.0,-0.01066040899604559,248.0,282.0,-0.028865214437246323,266.0,240.0,-0.04617288336157799,267.0,204.0,-0.05889949947595596,268.0,288.0,-0.05051423981785774,336.0,295.0,-0.07913036644458771,322.0,307.0,-0.08950324356555939,298.0,308.0,-0.0935293510556221,272.0,323.0,-0.06077023968100548,345.0,325.0,-0.0806281641125679,325.0,334.0,-0.07582399249076843,298.0,335.0,-0.07305362820625305,275.0,359.0,-0.07075537741184235,341.0,358.0,-0.08416128903627396,320.0,364.0,-0.06557924300432205,296.0,364.0,-0.05422527715563774,278.0,394.0,-0.0811513140797615,330.0,388.0,-0.08434232324361801,311.0,391.0,-0.06629469990730286,288.0,390.0,-0.05455733463168144
default,0.0,204.0,391.0,-2.914194112690893e-07,216.0,338.0,-0.010506566613912582,245.0,282.0,-0.028885912150144577,263.0,240.0,-0.04647807031869888,264.0,204.0,-0.0594598725438118,268.0,287.0,-0.04924098029732704,335.0,293.0,-0.07705871760845184,320.0,306.0,-0.08679637312889099,297.0,307.0,-0.0904509648680687,273.0,322.0,-0.05952594429254532,344.0,323.0,-0.0788637176156044,324.0,333.0,-0.0733109563589096,297.0,334.0,-0.06985484063625336,277.0,358.0,-0.06958513706922531,341.0,356.0,-0.08262104541063309,320.0,363.0,-0.06247858330607414,295.0,364.0,-0.049868836998939514,280.0,393.0,-0.0801328718662262,330.0,387.0,-0.08270742744207382,311.0,390.0,-0.06312167644500732,289.0,390.0,-0.050104331225156784
default,0.0,203.0,390.0,-2.975466202315147e-07,215.0,337.0,-0.009826111607253551,243.0,281.0,-0.027301061898469925,261.0,239.0,-0.04432538524270058,262.0,204.0,-0.0567660853266716,268.0,287.0,-0.046677522361278534,334.0,292.0,-0.0743599534034729,319.0,305.0,-0.08447851985692978,296.0,306.0,-0.08829962462186813,273.0,322.0,-0.057073406875133514,344.0,322.0,-0.07645214349031448,323.0,332.0,-0.07113499939441681,297.0,333.0,-0.06767750531435013,277.0,359.0,-0.0673963874578476,341.0,356.0,-0.08068618923425674,320.0,362.0,-0.06083803251385689,295.0,363.0,-0.04809672012925148,280.0,394.0,-0.07819116860628128,330.0,386.0,-0.08080308884382248,312.0,389.0,-0.06136176362633705,290.0,389.0,-0.048246316611766815
default,0.0,202.0,390.0,-3.02882597225107e-07,213.0,336.0,-0.010031615383923054,241.0,280.0,-0.02756323292851448,259.0,237.0,-0.04447408765554428,260.0,202.0,-0.05688623711466789,267.0,287.0,-0.046599131077528,333.0,291.0,-0.07376915961503983,319.0,304.0,-0.08344200998544693,296.0,306.0,-0.08687770366668701,273.0,323.0,-0.05664985999464989,343.0,322.0,-0.07532134652137756,323.0,332.0,-0.06962604075670242,296.0,333.0,-0.06585672497749329,278.0,359.0,-0.06657843291759491,341.0,355.0,-0.07924950867891312,320.0,362.0,-0.058650411665439606,295.0,363.0,-0.045448850840330124,281.0,394.0,-0.07699166983366013,330.0,386.0,-0.07903511077165604,311.0,389.0,-0.05866355821490288,289.0,389.0,-0.04486885666847229
default,0.0,202.0,392.0,-3.108555688413617e-07,212.0,336.0,-0.010271051898598671,240.0,279.0,-0.028191164135932922,257.0,236.0,-0.045535556972026825,258.0,201.0,-0.05832517147064209,267.0,288.0,-0.046311069279909134,332.0,291.0,-0.0733279138803482,317.0,303.0,-0.08305878192186356,294.0,306.0,-0.08634024113416672,273.0,324.0,-0.05600760504603386,342.0,322.0,-0.07408018410205841,322.0,331.0,-0.068209707736969,295.0,333.0,-0.06432574987411499,279.0,361.0,-0.06560318171977997,341.0,354.0,-0.07742494344711304,320.0,362.0,-0.05601479113101959,295.0,364.0,-0.04223811998963356,283.0,396.0,-0.07575386762619019,331.0,384.0,-0.07672861963510513,313.0,388.0,-0.05531173571944237,291.0,389.0,-0.04075213521718979
default,0.0,201.0,392.0,-3.124120269148989e-07,211.0,336.0,-0.010483425110578537,238.0,278.0,-0.02808269113302231,256.0,236.0,-0.044846612960100174,257.0,200.0,-0.05707996338605881,266.0,289.0,-0.04741775617003441,331.0,291.0,-0.07414723932743073,316.0,302.0,-0.08328228443861008,293.0,305.0,-0.0859794169664383,273.0,326.0,-0.05636729300022125,342.0,322.0,-0.0740254744887352,322.0,330.0,-0.06744272261857986,295.0,333.0,-0.06302623450756073,279.0,363.0,-0.06514367461204529,341.0,355.0,-0.07644841820001602,320.0,361.0,-0.05454890429973602,296.0,365.0,-0.040454715490341187,283.0,397.0,-0.07446663826704025,332.0,385.0,-0.07482394576072693,314.0,388.0,-0.05310264229774475,293.0,390.0,-0.03841201215982437
default,0.0,200.0,392.0,-3.279336908690311e-07,210.0,336.0,-0.009734861552715302,238.0,279.0,-0.02678167261183262,255.0,237.0,-0.0429995059967041,256.0,202.0,-0.05476970598101616,266.0,290.0,-0.0473732091486454,331.0,292.0,-0.07294130325317383,316.0,303.0,-0.08109094202518463,293.0,306.0,-0.08311594277620316,274.0,327.0,-0.05614186450839043,342.0,323.0,-0.07271865010261536,322.0,331.0,-0.06560292094945908,296.0,334.0,-0.06084851175546646,280.0,364.0,-0.0645214393734932,342.0,356.0,-0.07488516718149185,321.0,362.0,-0.05293061584234238,297.0,365.0,-0.03889238089323044,285.0,397.0,-0.07333435118198395,333.0,385.0,-0.0732831209897995,315.0,388.0,-0.05157184600830078,294.0,390.0,-0.036855414509773254
default,0.0,200.0,391.0,-3.3245601116504986e-07,211.0,336.0,-0.009417873807251453,237.0,279.0,-0.02637736313045025,254.0,237.0,-0.042471010237932205,256.0,202.0,-0.05410882830619812,266.0,291.0,-0.0468851663172245,330.0,291.0,-0.071437306702137,316.0,303.0,-0.07865762710571289,293.0,307.0,-0.08003109693527222,275.0,328.0,-0.055480681359767914,342.0,323.0,-0.0713336318731308,322.0,331.0,-0.06389223784208298,296.0,335.0,-0.05875832960009575,281.0,364.0,-0.06360650807619095,342.0,355.0,-0.07300882786512375,322.0,362.0,-0.05104641616344452,298.0,365.0,-0.03707991912961006,286.0,398.0,-0.07214222848415375,333.0,385.0,-0.07147520780563354,316.0,388.0,-0.049822818487882614,296.0,391.0,-0.03518683835864067
default,0.0,201.0,392.0,-3.168191824443056e-07,211.0,336.0,-0.01033859420567751,237.0,279.0,-0.027581917122006416,254.0,238.0,-0.04368309676647186,256.0,203.0,-0.05534663423895836,266.0,292.0,-0.04827684164047241,330.0,292.0,-0.07269629836082458,316.0,303.0,-0.07924367487430573,294.0,307.0,-0.079849474132061,275.0,330.0,-0.05602848902344704,343.0,322.0,-0.07233499735593796,323.0,330.0,-0.06497223675251007,298.0,335.0,-0.0594463087618351,282.0,366.0,-0.0632539764046669,344.0,356.0,-0.07313445210456848,324.0,361.0,-0.051555708050727844,300.0,366.0,-0.0373767726123333,288.0,399.0,-0.07088376581668854,336.0,385.0,-0.07042146474123001,319.0,388.0,-0.048990942537784576,299.0,391.0,-0.03427642211318016
default,0.0,201.0,392.0,-3.156201842102746e-07,211.0,336.0,-0.010281658731400967,237.0,279.0,-0.027700679376721382,255.0,237.0,-0.04394206032156944,255.0,202.0,-0.055787499994039536,266.0,292.0,-0.0481700673699379,330.0,292.0,-0.07212698459625244,316.0,302.0,-0.0781654492020607,294.0,306.0,-0.07847980409860611,275.0,330.0,-0.05590025335550308,343.0,323.0,-0.07161175459623337,323.0,330.0,-0.06359529495239258,298.0,335.0,-0.057766787707805634,283.0,366.0,-0.06311357021331787,344.0,356.0,-0.07241739332675934,324.0,361.0,-0.05054635554552078,301.0,366.0,-0.036354321986436844,288.0,399.0,-0.07073436677455902,336.0,385.0,-0.0696447342634201,319.0,387.0,-0.04796933755278587,300.0,390.0,-0.03324522078037262
default,0.0,201.0,392.0,-3.081040063079854e-07,211.0,336.0,-0.010694543831050396,238.0,280.0,-0.027730530127882957,255.0,237.0,-0.043496858328580856,257.0,203.0,-0.05480966717004776,267.0,293.0,-0.04791756719350815,331.0,292.0,-0.07153543084859848,318.0,302.0,-0.07726693153381348,296.0,307.0,-0.07736840844154358,277.0,331.0,-0.05514778941869736,344.0,323.0,-0.07097829878330231,325.0,330.0,-0.06319136917591095,300.0,335.0,-0.05736669898033142,284.0,368.0,-0.061916761100292206,345.0,357.0,-0.07176720350980759,326.0,361.0,-0.05053146556019783,303.0,366.0,-0.03652874752879143,289.0,400.0,-0.06907143443822861,338.0,386.0,-0.06871180981397629,321.0,388.0,-0.04774774983525276,302.0,392.0,-0.03333539143204689
default,0.0,213.0,400.0,9.06648779164243e-07,271.0,370.0,0.014045626856386662,310.0,344.0,-0.012494309805333614,338.0,331.0,-0.04443227872252464,362.0,327.0,-0.08058616518974304,288.0,296.0,-0.10206052660942078,337.0,286.0,-0.16908296942710876,373.0,297.0,-0.2106897234916687,400.0,315.0,-0.23827895522117615,263.0,312.0,-0.14314588904380798,315.0,291.0,-0.22302433848381042,356.0,301.0,-0.2664247453212738,386.0,313.0,-0.2955080270767212,242.0,341.0,-0.17776677012443542,279.0,328.0,-0.25180870294570923,307.0,332.0,-0.28777000308036804,326.0,333.0,-0.31017038226127625,227.0,375.0,-0.20721180737018585,246.0,379.0,-0.2652466297149658,262.0,383.0,-0.2915307879447937,273.0,384.0,-0.3102918565273285
default,0.0,236.0,410.0,5.092297783448885e-07,285.0,378.0,-0.01618415303528309,315.0,337.0,-0.03943886607885361,339.0,304.0,-0.06208265200257301,358.0,282.0,-0.0887853279709816,293.0,308.0,-0.09300392866134644,326.0,277.0,-0.14974649250507355,351.0,276.0,-0.18780730664730072,377.0,283.0,-0.21569478511810303,273.0,319.0,-0.1157408058643341,288.0,285.0,-0.17633859813213348,308.0,281.0,-0.2138288915157318,327.0,282.0,-0.24296489357948303,252.0,342.0,-0.1375059187412262,244.0,310.0,-0.19590352475643158,246.0,297.0,-0.2281465232372284,248.0,286.0,-0.2532467842102051,234.0,370.0,-0.1584799438714981,197.0,353.0,-0.2102852165699005,175.0,336.0,-0.2374536097049713,160.0,320.0,-0.2589755654335022
default,0.0,255.0,413.0,6.738112006132724e-07,296.0,399.0,-0.036242228001356125,329.0,377.0,-0.06355846673250198,363.0,369.0,-0.08963532745838165,397.0,369.0,-0.11912932991981506,302.0,307.0,-0.06661093235015869,324.0,264.0,-0.10724397748708725,344.0,238.0,-0.13594777882099152,362.0,214.0,-0.15674066543579102,270.0,305.0,-0.07615707069635391,258.0,249.0,-0.1119856983423233,252.0,213.0,-0.13962267339229584,247.0,181.0,-0.16081318259239197,241.0,321.0,-0.08834001421928406,219.0,276.0,-0.12375956028699875,208.0,242.0,-0.14849038422107697,200.0,211.0,-0.16629011929035187,218.0,349.0,-0.10316497087478638,187.0,321.0,-0.13541364669799805,169.0,302.0,-0.15031224489212036,154.0,284.0,-0.16020071506500244
default,0.0,245.0,421.0,8.989617299448582e-07,290.0,410.0,-0.04385047033429146,326.0,390.0,-0.0784439966082573,357.0,379.0,-0.11071118712425232,390.0,377.0,-0.14398369193077087,303.0,305.0,-0.06569382548332214,329.0,258.0,-0.10762374103069305,349.0,227.0,-0.13884979486465454,364.0,200.0,-0.16042391955852509,269.0,295.0,-0.0715353786945343,268.0,232.0,-0.10772456973791122,266.0,192.0,-0.13404950499534607,261.0,157.0,-0.15207606554031372,237.0,303.0,-0.08102577924728394,223.0,248.0,-0.11501800268888474,215.0,210.0,-0.13717401027679443,209.0,176.0,-0.15078705549240112,208.0,326.0,-0.09405391663312912,182.0,287.0,-0.1239662691950798,164.0,262.0,-0.13636694848537445,151.0,237.0,-0.14269109070301056
default,0.0,240.0,425.0,8.276303447019018e-07,285.0,417.0,-0.0471658930182457,319.0,399.0,-0.08001291006803513,342.0,381.0,-0.10938917100429535,369.0,373.0,-0.1381036639213562,303.0,304.0,-0.059525176882743835,332.0,256.0,-0.09713226556777954,350.0,223.0,-0.12594978511333466,363.0,194.0,-0.14614015817642212,268.0,292.0,-0.061914246529340744,272.0,227.0,-0.09469963610172272,273.0,186.0,-0.11859540641307831,271.0,152.0,-0.1344069540500641,236.0,297.0,-0.06859949231147766,228.0,239.0,-0.10025667399168015,222.0,199.0,-0.12060092389583588,218.0,163.0,-0.1328333020210266,207.0,317.0,-0.07926403731107712,183.0,276.0,-0.10827463865280151,168.0,249.0,-0.12002366781234741,157.0,223.0,-0.12546223402023315
default,0.0,239.0,427.0,6.853475724710734e-07,289.0,417.0,-0.04250697046518326,327.0,395.0,-0.07004667818546295,356.0,375.0,-0.09544265270233154,385.0,363.0,-0.12068459391593933,305.0,304.0,-0.05194922536611557,331.0,252.0,-0.0859641283750534,345.0,218.0,-0.11129280924797058,354.0,188.0,-0.12960833311080933,270.0,292.0,-0.05574581027030945,273.0,228.0,-0.08656509965658188,273.0,188.0,-0.10924698412418365,271.0,154.0,-0.12492363154888153,237.0,297.0,-0.06375892460346222,230.0,239.0,-0.09407393634319305,225.0,200.0,-0.11457477509975433,221.0,167.0,-0.12759798765182495,208.0,316.0,-0.07551540434360504,184.0,276.0,-0.10490734875202179,169.0,249.0,-0.11830901354551315,157.0,223.0,-0.12516967952251434
default,0.0,239.0,429.0,7.05592412941769e-07,290.0,418.0,-0.04407509043812752,331.0,396.0,-0.0715530663728714,360.0,374.0,-0.09646044671535492,391.0,363.0,-0.12096274644136429,307.0,303.0,-0.04845256730914116,332.0,252.0,-0.07987161725759506,346.0,218.0,-0.10399520397186279,355.0,188.0,-0.12179926782846451,272.0,292.0,-0.05065291002392769,276.0,229.0,-0.07886092364788055,277.0,189.0,-0.1004694253206253,275.0,156.0,-0.11564387381076813,239.0,296.0,-0.05740977078676224,234.0,238.0,-0.08590956032276154,229.0,199.0,-0.10580512136220932,225.0,165.0,-0.11869340389966965,209.0,315.0,-0.0681024119257927,186.0,274.0,-0.09599762409925461,172.0,247.0,-0.10879528522491455,161.0,221.0,-0.1154731884598732
default,0.0,240.0,430.0,7.02224895121617e-07,291.0,418.0,-0.0439118891954422,331.0,396.0,-0.07093218713998795,360.0,374.0,-0.09541676193475723,391.0,362.0,-0.11951466649770737,307.0,304.0,-0.04749014228582382,331.0,252.0,-0.07874268293380737,345.0,219.0,-0.10310162603855133,354.0,188.0,-0.12120326608419418,272.0,292.0,-0.049750085920095444,276.0,228.0,-0.07772193104028702,277.0,188.0,-0.09966786205768585,275.0,155.0,-0.1152266189455986,239.0,297.0,-0.056601788848638535,233.0,238.0,-0.08505801856517792,228.0,199.0,-0.105121910572052,223.0,164.0,-0.11819274723529816,208.0,315.0,-0.0673624575138092,186.0,274.0,-0.09523580968379974,172.0,247.0,-0.10810758918523788,161.0,220.0,-0.11491496860980988
default,0.0,240.0,430.0,6.826324465691869e-07,291.0,418.0,-0.042177729308605194,331.0,396.0,-0.06831242889165878,360.0,374.0,-0.09225708991289139,391.0,362.0,-0.11592254787683487,307.0,304.0,-0.0456455759704113,331.0,253.0,-0.07619217783212662,344.0,219.0,-0.10001874715089798,354.0,189.0,-0.11775381118059158,272.0,292.0,-0.048580676317214966,276.0,228.0,-0.07585185766220093,277.0,188.0,-0.09718946367502213,276.0,156.0,-0.11244110763072968,239.0,297.0,-0.056038834154605865,233.0,238.0,-0.08378753066062927,228.0,199.0,-0.1034671813249588,224.0,165.0,-0.11643758416175842,208.0,315.0,-0.06731261312961578,186.0,274.0,-0.09455803781747818,172.0,246.0,-0.10711631923913956,160.0,220.0,-0.1138751283288002
default,0.0,236.0,432.0,7.087971312103036e-07,288.0,421.0,-0.04538561403751373,330.0,400.0,-0.07315061241388321,359.0,378.0,-0.09799889475107193,391.0,365.0,-0.12213756144046783,305.0,306.0,-0.04788702353835106,329.0,253.0,-0.07901433110237122,342.0,220.0,-0.10333208739757538,352.0,190.0,-0.12150248140096664,269.0,293.0,-0.04952630028128624,273.0,229.0,-0.07766489684581757,275.0,188.0,-0.0997399166226387,274.0,155.0,-0.11535624414682388,236.0,298.0,-0.05592113733291626,230.0,239.0,-0.08498185873031616,226.0,199.0,-0.10542963445186615,222.0,165.0,-0.11863551288843155,205.0,316.0,-0.0662805438041687,183.0,275.0,-0.09483162313699722,169.0,247.0,-0.10808230936527252,158.0,220.0,-0.11506105214357376
default,0.0,237.0,434.0,6.966996579649276e-07,289.0,422.0,-0.04411270469427109,330.0,400.0,-0.07103864848613739,359.0,377.0,-0.09535326808691025,390.0,364.0,-0.11919598281383514,305.0,306.0,-0.046921491622924805,328.0,254.0,-0.07810869812965393,342.0,220.0,-0.10251659899950027,352.0,190.0,-0.12060201913118362,269.0,294.0,-0.04911425709724426,273.0,229.0,-0.07699548453092575,275.0,189.0,-0.09886791557073593,274.0,156.0,-0.11433491855859756,236.0,299.0,-0.05600615218281746,231.0,239.0,-0.08466820418834686,226.0,199.0,-0.10492058843374252,222.0,164.0,-0.11806999146938324,205.0,317.0,-0.06682711839675903,183.0,276.0,-0.094972163438797,169.0,248.0,-0.10792528837919235,158.0,221.0,-0.11475376784801483
default,0.0,237.0,435.0,7.120988811948337e-07,289.0,425.0,-0.04704778641462326,329.0,403.0,-0.0764366164803505,358.0,382.0,-0.1028250977396965,390.0,369.0,-0.12860655784606934,304.0,309.0,-0.050737135112285614,328.0,257.0,-0.08349905163049698,342.0,223.0,-0.10878626257181168,353.0,193.0,-0.12759345769882202,268.0,297.0,-0.05239374563097954,273.0,232.0,-0.08202511817216873,275.0,192.0,-0.10492707788944244,274.0,158.0,-0.12128425389528275,235.0,302.0,-0.05900776758790016,230.0,242.0,-0.08942817896604538,226.0,202.0,-0.11090078204870224,222.0,167.0,-0.12494999170303345,204.0,320.0,-0.06969846785068512,182.0,279.0,-0.09941669553518295,167.0,251.0,-0.11355175077915192,157.0,224.0,-0.12137572467327118
default,0.0,236.0,442.0,6.865452064630517e-07,287.0,432.0,-0.044509656727313995,328.0,409.0,-0.07413515448570251,358.0,389.0,-0.10133485496044159,391.0,379.0,-0.12853704392910004,304.0,318.0,-0.05437697470188141,329.0,266.0,-0.09015420824289322,344.0,231.0,-0.11710204929113388,355.0,199.0,-0.136860191822052,268.0,305.0,-0.058370791375637054,273.0,239.0,-0.09090659767389297,275.0,197.0,-0.11479751765727997,275.0,162.0,-0.13155534863471985,235.0,309.0,-0.06678131967782974,230.0,249.0,-0.09912232309579849,226.0,208.0,-0.12029349058866501,223.0,172.0,-0.13384433090686798,204.0,328.0,-0.07897713780403137,182.0,285.0,-0.10955535620450974,167.0,256.0,-0.12294622510671616,156.0,228.0,-0.13005928695201874
default,0.0,236.0,443.0,7.415619052153488e-07,288.0,432.0,-0.047627877444028854,329.0,411.0,-0.07769079506397247,358.0,389.0,-0.10462254285812378,389.0,376.0,-0.13113883137702942,304.0,317.0,-0.053971849381923676,329.0,265.0,-0.08887681365013123,343.0,231.0,-0.11574842780828476,355.0,200.0,-0.13540762662887573,269.0,304.0,-0.056032344698905945,273.0,239.0,-0.0876334011554718,275.0,197.0,-0.11200229078531265,274.0,161.0,-0.1291709542274475,235.0,309.0,-0.06288972496986389,230.0,250.0,-0.09501419216394424,226.0,208.0,-0.11721155792474747,223.0,171.0,-0.13139332830905914,204.0,328.0,-0.07379887998104095,182.0,286.0,-0.10464904457330704,167.0,257.0,-0.1188451275229454,156.0,229.0,-0.12642265856266022
default,0.0,240.0,458.0,6.57730538478063e-07,290.0,446.0,-0.04444718733429909,331.0,423.0,-0.07438415288925171,361.0,402.0,-0.10218223929405212,396.0,391.0,-0.13049882650375366,306.0,334.0,-0.05480801314115524,331.0,281.0,-0.09170947968959808,348.0,247.0,-0.12015064060688019,361.0,216.0,-0.14080260694026947,272.0,321.0,-0.059295400977134705,279.0,256.0,-0.09236583113670349,283.0,214.0,-0.11794427037239075,284.0,178.0,-0.13641458749771118,239.0,325.0,-0.06837840378284454,237.0,264.0,-0.10122187435626984,236.0,224.0,-0.12396449595689774,236.0,189.0,-0.13899734616279602,207.0,343.0,-0.08123798668384552,185.0,298.0,-0.11295894533395767,171.0,269.0,-0.12774790823459625,160.0,240.0,-0.13621607422828674
default,0.0,244.0,478.0,5.616826115328877e-07,294.0,466.0,-0.04580729082226753,335.0,444.0,-0.0773978978395462,365.0,424.0,-0.10638883709907532,399.0,413.0,-0.13655924797058105,311.0,369.0,-0.055867619812488556,339.0,329.0,-0.09711165726184845,358.0,300.0,-0.13029567897319794,376.0,275.0,-0.15373504161834717,279.0,356.0,-0.060472309589385986,289.0,298.0,-0.09537309408187866,298.0,260.0,-0.12201733887195587,308.0,228.0,-0.14230062067508698,245.0,359.0,-0.07033885270357132,247.0,306.0,-0.1061292365193367,251.0,272.0,-0.12683266401290894,258.0,243.0,-0.14070089161396027,212.0,375.0,-0.08424308896064758,194.0,334.0,-0.11696404963731766,183.0,305.0,-0.13019421696662903,176.0,277.0,-0.13875608146190643
default,0.0,246.0,478.0,7.099043273228745e-07,295.0,466.0,-0.04419062286615372,334.0,442.0,-0.07284872233867645,365.0,423.0,-0.09895975142717361,399.0,412.0,-0.12603561580181122,311.0,367.0,-0.04887690767645836,338.0,330.0,-0.0863213762640953,356.0,305.0,-0.11735229194164276,373.0,283.0,-0.13925355672836304,278.0,354.0,-0.05282154306769371,287.0,299.0,-0.08453010022640228,297.0,264.0,-0.10962816327810287,308.0,233.0,-0.12816087901592255,244.0,357.0,-0.06219639629125595,247.0,307.0,-0.09566998481750488,252.0,274.0,-0.11706726253032684,260.0,243.0,-0.13109450042247772,212.0,373.0,-0.07539748400449753,193.0,335.0,-0.10713167488574982,182.0,306.0,-0.12126311659812927,176.0,278.0,-0.12987685203552246
default,0.0,260.0,485.0,-3.3594412229831505e-07,303.0,473.0,-0.021845607087016106,347.0,455.0,-0.04849734902381897,376.0,449.0,-0.08266444504261017,398.0,443.0,-0.11600091308355331,333.0,355.0,-0.021292176097631454,356.0,362.0,-0.08160749822854996,371.0,405.0,-0.12800821661949158,381.0,445.0,-0.15028418600559235,295.0,351.0,-0.038981977850198746,316.0,360.0,-0.10224013030529022,335.0,418.0,-0.13660503923892975,344.0,463.0,-0.14892683923244476,252.0,362.0,-0.06237871199846268,267.0,353.0,-0.1212448924779892,289.0,415.0,-0.13044896721839905,302.0,463.0,-0.12232981622219086,211.0,383.0,-0.08743781596422195,210.0,371.0,-0.12323591858148575,220.0,391.0,-0.12245103716850281,227.0,407.0,-0.11341206729412079
